Workbook

Sheet 使い方
A1: 予想出来高の使い方
A2: ※本ブックの工程は、工程表「260828＿工程表【食堂・外構】新地K修正」にリンクしています（同工程表の黒塗りから各工事の工事週を設定）。
A4: ① 「週間出来高」シートで、各工事の1段目（工程）の週に 1 など何か入力 → 黒く塗られ、その週が工事期間になります。
A5: 消せば工事期間から外れます。入力できるのはこの薄黄色のセルだけです（他はロック）。
A6: ② 各工事の出来高率は、黒の週数で均等割り（合計100%）。予想出来高金額＝出来高率×契約金額。
A7: 集計行（解体撤去・改修・工事費合計など）は契約金額で加重して自動集計、工程も青で自動表示。
A8: ③ 「100%チェック」列と3行目のチェック結果で、全工事が合計100%になっているか確認できます。
A9: ④ 「月別出来高」シートに月ごとの予想出来高率・金額、「出来高曲線」シートに週別・月別のSカーブが自動反映されます。
A11: ・年末年始（12/28～1/3の週）は稼働0のため、黒を入れても出来高に含めません（灰色）。
A12: ・月をまたぐ週は月曜日の属する月に計上します。
A13: ・契約金額は「金額リスト」シート（見積書 No.260007 令和8年5月28日 ①大学会館食堂リニューアル工事、税抜）と連動しています。
A14: ・本ブックは予想出来高の計画用です（実績は扱いません）。

Sheet 金額リスト
A1: 工事費 金額リスト
A2: 凡例： 青字＝入力値（見積書 No.260007 令和8年5月28日 ①大学会館食堂リニューアル工事より）／黒字＝計算式（自動集計）
A4: 項 | B4: 名称 | C4: 金額（円） | D4: 見積書記載額（円） | E4: 差額（円） | F4: 備考
B5: 工事費 合計（税抜） | C5: =C6+C7+C13+C31 | D5: =D6+D7+D13+D31 | E5: =C5-D5 | F5: a)+b)+c)+d)
A6: a) | B6: 共通仮設工事 | C6: 4540000 | D6: 4540000 | E6: =C6-D6
A7: b) | B7: 解体撤去工事 | C7: =C8+C9 | D7: 18950000 | E7: =C7-D7 | F7: 建築＋設備
A8: b)-1 | B8: 建築工事 | C8: 7960000 | D8: 7960000 | E8: =C8-D8
A9: b)-2 | B9: 設備工事 | C9: =C10+C11+C12 | D9: 10990000 | E9: =C9-D9 | F9: 電気＋空調＋衛生
B10: 電気設備工事 | C10: 5143000 | F10: 見積書 b)-2 電気小計
B11: 空気調和設備工事 | C11: 5175000 | F11: 見積書 b)-2 ダクト撤去工事
B12: 衛生設備工事 | C12: 672000 | F12: 見積書 b)-2 配管撤去工事
A13: c) | B13: 改修工事 | C13: =C14+C27 | D13: 241710000 | E13: =C13-D13 | F13: 建築＋設備
A14: c)-1 | B14: 建築工事 | C14: =SUM(C15:C26) | D14: 163688000 | E14: =C14-D14 | F14: 明細1〜12の計
A15: 1 | B15: 直接仮設工事 | C15: 4826702
A16: 2 | B16: 躯体工事 | C16: 476900
A17: 3 | B17: 防水工事 | C17: 337100
A18: 4 | B18: タイル工事 | C18: 14987300
A19: 5 | B19: 金属工事 | C19: 20138838
A20: 6 | B20: 金属製建具工事 | C20: 8285600
A21: 7 | B21: ガラス工事 | C21: 1115138
A22: 8 | B22: 木工事 | C22: 52688330
A23: 9 | B23: 左官工事 | C23: 46124228
A24: 10 | B24: 塗装工事 | C24: 1511084
A25: 11 | B25: 内装工事 | C25: 10568020
A26: 12 | B26: 雑工事 | C26: 2628760
B27: 設備工事 | C27: =C28+C29+C30 | D27: =D13-D14 | E27: =C27-D27 | F27: 電気＋空調＋衛生（c)-2〜c)-4 の計／記載額は c)−c)-1 で逆算）
A28: c)-2 | B28: 電気設備工事 | C28: 61941000 | F28: 見積書 c)-2 計
A29: c)-3 | B29: 空気調和設備工事 | C29: 14450000 | F29: 見積書 c)-3 計
A30: c)-4 | B30: 衛生設備工事 | C30: 1631000 | F30: 見積書 c)-4 計
A31: d) | B31: 諸経費 | C31: 39800000 | D31: 39800000 | E31: =C31-D31
A32: e) | B32: 消費税及び地方消費税 | C32: 30500000 | D32: 30500000 | E32: =C32-D32 | F32: 参考（出来高計算の対象外）
B33: 工事費 合計（税込） | C33: =C5+C32 | D33: 335500000 | E33: =C33-D33 | F33: 税抜合計＋e)
B35: 集計表
B36: 区分 | C36: 解体撤去工事 | D36: 改修工事 | E36: 計
B37: 建築工事 | C37: =C8 | D37: =C14 | E37: =C37+D37
B38: 電気設備工事 | C38: =C10 | D38: =C28 | E38: =C38+D38
B39: 空気調和設備工事 | C39: =C11 | D39: =C29 | E39: =C39+D39
B40: 衛生設備工事 | C40: =C12 | D40: =C30 | E40: =C40+D40
B41: 計 | C41: =SUM(C37:C40) | D41: =SUM(D37:D40) | E41: =SUM(E37:E40)
B42: 照合（本表との差） | C42: =C41-C7 | D42: =D41-C13 | E42: =E41-C7-C13
B44: 出典：金額はすべて見積書 No.260007（令和8年5月28日、清水建設）①大学会館食堂リニューアル工事（内訳、b)解体撤去工事、c)-1 建築工事明細、c)-2〜c)-4 設備工事計）より。差額が「-」なら記載額と一致。

Sheet 週間出来高
A1: 週間 予想出来高（工程・予想出来高率・予想出来高金額） | E1: ※工程は工程表「260828＿工程表【食堂・外構】新地K修正」にリンク
A2: 凡例： 各工事の1段目（工程）の週に何か入力（例：1 や ●）すると黒く塗られ、工事ありになります。出来高率は工事ありの週数で均等割りし、各工事の合計が100%になります。集計行は契約金額で加重平均。6行目の稼働が0の週（年末年始）は工事ありにしても割合に含めません（灰色）。工程の入力欄（薄黄色）以外はロック済み。7行目の計上月は月別出来高の集計先（月をまたぐ週は月曜の月）。出来高金額＝出来高率×契約金額。
A3: チェック結果： | B3: =IF(COUNTIF(G8:G132,"OK")=COUNTA(G8:G132),"全工事 100% OK","要確認 "&(COUNTA(G8:G132)-COUNTIF(G8:G132,"OK"))&"件")
A4: 項 | B4: 名称 | C4: 区分 | D4: 契約金額（円） | E4: 工事週数 | F4: 出来高率 計 | G4: 100%チェック | H4: 11月第1週 | I4: 11月第2週 | J4: 11月第3週 | K4: 11月第4週 | L4: 11月第5週 | M4: 12月第1週 | N4: 12月第2週 | O4: 12月第3週 | P4: 12月第4週 | Q4: 1月第1週 | R4: 1月第2週 | S4: 1月第3週 | T4: 1月第4週 | U4: 2月第1週 | V4: 2月第2週 | W4: 2月第3週 | X4: 2月第4週 | Y4: 3月第1週 | Z4: 3月第2週 | AA4: 3月第3週 | AB4: 3月第4週 | AC4: 3月第5週
H5: 11/2～11/8 | I5: 11/9～11/15 | J5: 11/16～11/22 | K5: 11/23～11/29 | L5: 11/30～12/6 | M5: 12/7～12/13 | N5: 12/14～12/20 | O5: 12/21～12/27 | P5: 12/28～1/3 | Q5: 1/4～1/10 | R5: 1/11～1/17 | S5: 1/18～1/24 | T5: 1/25～1/31 | U5: 2/1～2/7 | V5: 2/8～2/14 | W5: 2/15～2/21 | X5: 2/22～2/28 | Y5: 3/1～3/7 | Z5: 3/8～3/14 | AA5: 3/15～3/21 | AB5: 3/22～3/28 | AC5: 3/29～4/4
C6: 稼働(1/0) | H6: 1 | I6: 1 | J6: 1 | K6: 1 | L6: 1 | M6: 1 | N6: 1 | O6: 1 | P6: 0 | Q6: 1 | R6: 1 | S6: 1 | T6: 1 | U6: 1 | V6: 1 | W6: 1 | X6: 1 | Y6: 1 | Z6: 1 | AA6: 1 | AB6: 1 | AC6: 1
C7: 計上月 | H7: 11 | I7: 11 | J7: 11 | K7: 11 | L7: 11 | M7: 12 | N7: 12 | O7: 12 | P7: 12 | Q7: 1 | R7: 1 | S7: 1 | T7: 1 | U7: 2 | V7: 2 | W7: 2 | X7: 2 | Y7: 3 | Z7: 3 | AA7: 3 | AB7: 3 | AC7: 3
B8: 工事費 合計（税抜） | C8: 工程 | D8: =D13+D18+D43+D128 | E8: =COUNTIF(H9:AC9,">0") | F8: =SUM(H9:AC9) | G8: =IF(AND(ABS(F8-1)<0.0001,ABS(AC10-1)<0.0001),"OK",IF(E8=0,"工程未設定","NG")) | H8: =IF(H9>0,"■","") | I8: =IF(I9>0,"■","") | J8: =IF(J9>0,"■","") | K8: =IF(K9>0,"■","") | L8: =IF(L9>0,"■","") | M8: =IF(M9>0,"■","") | N8: =IF(N9>0,"■","") | O8: =IF(O9>0,"■","") | ... AC8: =IF(AC9>0,"■","")
C9: 今週出来高率 | H9: =IF($D8=0,0,(H14*$D13+H19*$D18+H44*$D43+H129*$D128)/$D8) | I9: =IF($D8=0,0,(I14*$D13+I19*$D18+I44*$D43+I129*$D128)/$D8) | J9: =IF($D8=0,0,(J14*$D13+J19*$D18+J44*$D43+J129*$D128)/$D8) | K9: =IF($D8=0,0,(K14*$D13+K19*$D18+K44*$D43+K129*$D128)/$D8) | L9: =IF($D8=0,0,(L14*$D13+L19*$D18+L44*$D43+L129*$D128)/$D8) | M9: =IF($D8=0,0,(M14*$D13+M19*$D18+M44*$D43+M129*$D128)/$D8) | N9: =IF($D8=0,0,(N14*$D13+N19*$D18+N44*$D43+N129*$D128)/$D8) | O9: =IF($D8=0,0,(O14*$D13+O19*$D18+O44*$D43+O129*$D128)/$D8) | ... AC9: =IF($D8=0,0,(AC14*$D13+AC19*$D18+AC44*$D43+AC129*$D128)/$D8)
C10: 累計出来高率 | H10: =H9 | I10: =H10+I9 | J10: =I10+J9 | K10: =J10+K9 | L10: =K10+L9 | M10: =L10+M9 | N10: =M10+N9 | O10: =N10+O9 | P10: =O10+P9 | ... AC10: =AB10+AC9
C11: 今週出来高金額 | H11: =H16+H21+H46+H131 | I11: =I16+I21+I46+I131 | J11: =J16+J21+J46+J131 | K11: =K16+K21+K46+K131 | L11: =L16+L21+L46+L131 | M11: =M16+M21+M46+M131 | N11: =N16+N21+N46+N131 | O11: =O16+O21+O46+O131 | ... AC11: =AC16+AC21+AC46+AC131
C12: 累計出来高金額 | H12: =H11 | I12: =H12+I11 | J12: =I12+J11 | K12: =J12+K11 | L12: =K12+L11 | M12: =L12+M11 | N12: =M12+N11 | O12: =N12+O11 | P12: =O12+P11 | ... AC12: =AB12+AC11
A13: a) | B13: 共通仮設工事 | C13: 工程 | D13: ='金額リスト'!C6 | E13: =SUMPRODUCT((H13:AC13<>"")*(H$6:AC$6=1)) | F13: =SUM(H14:AC14) | G13: =IF(AND(ABS(F13-1)<0.0001,ABS(AC15-1)<0.0001),"OK",IF(E13=0,"工程未設定","NG")) | I13: 1 | J13: 1 | K13: 1 | L13: 1 | M13: 1 | N13: 1 | O13: 1 | P13: 1 | Q13: 1 | R13: 1 | S13: 1 | T13: 1 | U13: 1 | V13: 1 | W13: 1 | X13: 1 | Y13: 1 | Z13: 1 | AA13: 1 | AB13: 1 | AC13: 1
C14: 今週出来高率 | H14: =IF(OR($E13=0,H13="",H$6<>1),0,1/$E13) | I14: =IF(OR($E13=0,I13="",I$6<>1),0,1/$E13) | J14: =IF(OR($E13=0,J13="",J$6<>1),0,1/$E13) | K14: =IF(OR($E13=0,K13="",K$6<>1),0,1/$E13) | L14: =IF(OR($E13=0,L13="",L$6<>1),0,1/$E13) | M14: =IF(OR($E13=0,M13="",M$6<>1),0,1/$E13) | N14: =IF(OR($E13=0,N13="",N$6<>1),0,1/$E13) | O14: =IF(OR($E13=0,O13="",O$6<>1),0,1/$E13) | ... AC14: =IF(OR($E13=0,AC13="",AC$6<>1),0,1/$E13)
C15: 累計出来高率 | H15: =H14 | I15: =H15+I14 | J15: =I15+J14 | K15: =J15+K14 | L15: =K15+L14 | M15: =L15+M14 | N15: =M15+N14 | O15: =N15+O14 | P15: =O15+P14 | ... AC15: =AB15+AC14
C16: 今週出来高金額 | H16: =H14*$D13 | I16: =I14*$D13 | J16: =J14*$D13 | K16: =K14*$D13 | L16: =L14*$D13 | M16: =M14*$D13 | N16: =N14*$D13 | O16: =O14*$D13 | ... AC16: =AC14*$D13
C17: 累計出来高金額 | H17: =H16 | I17: =H17+I16 | J17: =I17+J16 | K17: =J17+K16 | L17: =K17+L16 | M17: =L17+M16 | N17: =M17+N16 | O17: =N17+O16 | P17: =O17+P16 | ... AC17: =AB17+AC16
A18: b) | B18: 解体撤去工事 | C18: 工程 | D18: =D23+D28+D33+D38 | E18: =COUNTIF(H19:AC19,">0") | F18: =SUM(H19:AC19) | G18: =IF(AND(ABS(F18-1)<0.0001,ABS(AC20-1)<0.0001),"OK",IF(E18=0,"工程未設定","NG")) | H18: =IF(H19>0,"■","") | I18: =IF(I19>0,"■","") | J18: =IF(J19>0,"■","") | K18: =IF(K19>0,"■","") | L18: =IF(L19>0,"■","") | M18: =IF(M19>0,"■","") | N18: =IF(N19>0,"■","") | O18: =IF(O19>0,"■","") | ... AC18: =IF(AC19>0,"■","")
C19: 今週出来高率 | H19: =IF($D18=0,0,(H24*$D23+H29*$D28+H34*$D33+H39*$D38)/$D18) | I19: =IF($D18=0,0,(I24*$D23+I29*$D28+I34*$D33+I39*$D38)/$D18) | J19: =IF($D18=0,0,(J24*$D23+J29*$D28+J34*$D33+J39*$D38)/$D18) | K19: =IF($D18=0,0,(K24*$D23+K29*$D28+K34*$D33+K39*$D38)/$D18) | L19: =IF($D18=0,0,(L24*$D23+L29*$D28+L34*$D33+L39*$D38)/$D18) | M19: =IF($D18=0,0,(M24*$D23+M29*$D28+M34*$D33+M39*$D38)/$D18) | N19: =IF($D18=0,0,(N24*$D23+N29*$D28+N34*$D33+N39*$D38)/$D18) | O19: =IF($D18=0,0,(O24*$D23+O29*$D28+O34*$D33+O39*$D38)/$D18) | ... AC19: =IF($D18=0,0,(AC24*$D23+AC29*$D28+AC34*$D33+AC39*$D38)/$D18)
C20: 累計出来高率 | H20: =H19 | I20: =H20+I19 | J20: =I20+J19 | K20: =J20+K19 | L20: =K20+L19 | M20: =L20+M19 | N20: =M20+N19 | O20: =N20+O19 | P20: =O20+P19 | ... AC20: =AB20+AC19
C21: 今週出来高金額 | H21: =H26+H31+H36+H41 | I21: =I26+I31+I36+I41 | J21: =J26+J31+J36+J41 | K21: =K26+K31+K36+K41 | L21: =L26+L31+L36+L41 | M21: =M26+M31+M36+M41 | N21: =N26+N31+N36+N41 | O21: =O26+O31+O36+O41 | ... AC21: =AC26+AC31+AC36+AC41
C22: 累計出来高金額 | H22: =H21 | I22: =H22+I21 | J22: =I22+J21 | K22: =J22+K21 | L22: =K22+L21 | M22: =L22+M21 | N22: =M22+N21 | O22: =N22+O21 | P22: =O22+P21 | ... AC22: =AB22+AC21
A23: b)-1 | B23: 建築工事 | C23: 工程 | D23: ='金額リスト'!C8 | E23: =SUMPRODUCT((H23:AC23<>"")*(H$6:AC$6=1)) | F23: =SUM(H24:AC24) | G23: =IF(AND(ABS(F23-1)<0.0001,ABS(AC25-1)<0.0001),"OK",IF(E23=0,"工程未設定","NG")) | I23: 1 | J23: 1 | K23: 1 | M23: 1 | O23: 1
C24: 今週出来高率 | H24: =IF(OR($E23=0,H23="",H$6<>1),0,1/$E23) | I24: =IF(OR($E23=0,I23="",I$6<>1),0,1/$E23) | J24: =IF(OR($E23=0,J23="",J$6<>1),0,1/$E23) | K24: =IF(OR($E23=0,K23="",K$6<>1),0,1/$E23) | L24: =IF(OR($E23=0,L23="",L$6<>1),0,1/$E23) | M24: =IF(OR($E23=0,M23="",M$6<>1),0,1/$E23) | N24: =IF(OR($E23=0,N23="",N$6<>1),0,1/$E23) | O24: =IF(OR($E23=0,O23="",O$6<>1),0,1/$E23) | ... AC24: =IF(OR($E23=0,AC23="",AC$6<>1),0,1/$E23)
C25: 累計出来高率 | H25: =H24 | I25: =H25+I24 | J25: =I25+J24 | K25: =J25+K24 | L25: =K25+L24 | M25: =L25+M24 | N25: =M25+N24 | O25: =N25+O24 | P25: =O25+P24 | ... AC25: =AB25+AC24
C26: 今週出来高金額 | H26: =H24*$D23 | I26: =I24*$D23 | J26: =J24*$D23 | K26: =K24*$D23 | L26: =L24*$D23 | M26: =M24*$D23 | N26: =N24*$D23 | O26: =O24*$D23 | ... AC26: =AC24*$D23
C27: 累計出来高金額 | H27: =H26 | I27: =H27+I26 | J27: =I27+J26 | K27: =J27+K26 | L27: =K27+L26 | M27: =L27+M26 | N27: =M27+N26 | O27: =N27+O26 | P27: =O27+P26 | ... AC27: =AB27+AC26
B28: 電気設備工事 | C28: 工程 | D28: ='金額リスト'!C10 | E28: =SUMPRODUCT((H28:AC28<>"")*(H$6:AC$6=1)) | F28: =SUM(H29:AC29) | G28: =IF(AND(ABS(F28-1)<0.0001,ABS(AC30-1)<0.0001),"OK",IF(E28=0,"工程未設定","NG")) | I28: 1 | L28: 1 | M28: 1
C29: 今週出来高率 | H29: =IF(OR($E28=0,H28="",H$6<>1),0,1/$E28) | I29: =IF(OR($E28=0,I28="",I$6<>1),0,1/$E28) | J29: =IF(OR($E28=0,J28="",J$6<>1),0,1/$E28) | K29: =IF(OR($E28=0,K28="",K$6<>1),0,1/$E28) | L29: =IF(OR($E28=0,L28="",L$6<>1),0,1/$E28) | M29: =IF(OR($E28=0,M28="",M$6<>1),0,1/$E28) | N29: =IF(OR($E28=0,N28="",N$6<>1),0,1/$E28) | O29: =IF(OR($E28=0,O28="",O$6<>1),0,1/$E28) | ... AC29: =IF(OR($E28=0,AC28="",AC$6<>1),0,1/$E28)
C30: 累計出来高率 | H30: =H29 | I30: =H30+I29 | J30: =I30+J29 | K30: =J30+K29 | L30: =K30+L29 | M30: =L30+M29 | N30: =M30+N29 | O30: =N30+O29 | P30: =O30+P29 | ... AC30: =AB30+AC29
C31: 今週出来高金額 | H31: =H29*$D28 | I31: =I29*$D28 | J31: =J29*$D28 | K31: =K29*$D28 | L31: =L29*$D28 | M31: =M29*$D28 | N31: =N29*$D28 | O31: =O29*$D28 | ... AC31: =AC29*$D28
C32: 累計出来高金額 | H32: =H31 | I32: =H32+I31 | J32: =I32+J31 | K32: =J32+K31 | L32: =K32+L31 | M32: =L32+M31 | N32: =M32+N31 | O32: =N32+O31 | P32: =O32+P31 | ... AC32: =AB32+AC31
B33: 空気調和設備工事 | C33: 工程 | D33: ='金額リスト'!C11 | E33: =SUMPRODUCT((H33:AC33<>"")*(H$6:AC$6=1)) | F33: =SUM(H34:AC34) | G33: =IF(AND(ABS(F33-1)<0.0001,ABS(AC35-1)<0.0001),"OK",IF(E33=0,"工程未設定","NG")) | I33: 1 | L33: 1 | M33: 1
C34: 今週出来高率 | H34: =IF(OR($E33=0,H33="",H$6<>1),0,1/$E33) | I34: =IF(OR($E33=0,I33="",I$6<>1),0,1/$E33) | J34: =IF(OR($E33=0,J33="",J$6<>1),0,1/$E33) | K34: =IF(OR($E33=0,K33="",K$6<>1),0,1/$E33) | L34: =IF(OR($E33=0,L33="",L$6<>1),0,1/$E33) | M34: =IF(OR($E33=0,M33="",M$6<>1),0,1/$E33) | N34: =IF(OR($E33=0,N33="",N$6<>1),0,1/$E33) | O34: =IF(OR($E33=0,O33="",O$6<>1),0,1/$E33) | ... AC34: =IF(OR($E33=0,AC33="",AC$6<>1),0,1/$E33)
C35: 累計出来高率 | H35: =H34 | I35: =H35+I34 | J35: =I35+J34 | K35: =J35+K34 | L35: =K35+L34 | M35: =L35+M34 | N35: =M35+N34 | O35: =N35+O34 | P35: =O35+P34 | ... AC35: =AB35+AC34
C36: 今週出来高金額 | H36: =H34*$D33 | I36: =I34*$D33 | J36: =J34*$D33 | K36: =K34*$D33 | L36: =L34*$D33 | M36: =M34*$D33 | N36: =N34*$D33 | O36: =O34*$D33 | ... AC36: =AC34*$D33
C37: 累計出来高金額 | H37: =H36 | I37: =H37+I36 | J37: =I37+J36 | K37: =J37+K36 | L37: =K37+L36 | M37: =L37+M36 | N37: =M37+N36 | O37: =N37+O36 | P37: =O37+P36 | ... AC37: =AB37+AC36
B38: 衛生設備工事 | C38: 工程 | D38: ='金額リスト'!C12 | E38: =SUMPRODUCT((H38:AC38<>"")*(H$6:AC$6=1)) | F38: =SUM(H39:AC39) | G38: =IF(AND(ABS(F38-1)<0.0001,ABS(AC40-1)<0.0001),"OK",IF(E38=0,"工程未設定","NG")) | I38: 1 | L38: 1 | M38: 1
C39: 今週出来高率 | H39: =IF(OR($E38=0,H38="",H$6<>1),0,1/$E38) | I39: =IF(OR($E38=0,I38="",I$6<>1),0,1/$E38) | J39: =IF(OR($E38=0,J38="",J$6<>1),0,1/$E38) | K39: =IF(OR($E38=0,K38="",K$6<>1),0,1/$E38) | L39: =IF(OR($E38=0,L38="",L$6<>1),0,1/$E38) | M39: =IF(OR($E38=0,M38="",M$6<>1),0,1/$E38) | N39: =IF(OR($E38=0,N38="",N$6<>1),0,1/$E38) | O39: =IF(OR($E38=0,O38="",O$6<>1),0,1/$E38) | ... AC39: =IF(OR($E38=0,AC38="",AC$6<>1),0,1/$E38)
C40: 累計出来高率 | H40: =H39 | I40: =H40+I39 | J40: =I40+J39 | K40: =J40+K39 | L40: =K40+L39 | M40: =L40+M39 | N40: =M40+N39 | O40: =N40+O39 | P40: =O40+P39 | ... AC40: =AB40+AC39
C41: 今週出来高金額 | H41: =H39*$D38 | I41: =I39*$D38 | J41: =J39*$D38 | K41: =K39*$D38 | L41: =L39*$D38 | M41: =M39*$D38 | N41: =N39*$D38 | O41: =O39*$D38 | ... AC41: =AC39*$D38
C42: 累計出来高金額 | H42: =H41 | I42: =H42+I41 | J42: =I42+J41 | K42: =J42+K41 | L42: =K42+L41 | M42: =L42+M41 | N42: =M42+N41 | O42: =N42+O41 | P42: =O42+P41 | ... AC42: =AB42+AC41
A43: c) | B43: 改修工事 | C43: 工程 | D43: =D48+D113+D118+D123 | E43: =COUNTIF(H44:AC44,">0") | F43: =SUM(H44:AC44) | G43: =IF(AND(ABS(F43-1)<0.0001,ABS(AC45-1)<0.0001),"OK",IF(E43=0,"工程未設定","NG")) | H43: =IF(H44>0,"■","") | I43: =IF(I44>0,"■","") | J43: =IF(J44>0,"■","") | K43: =IF(K44>0,"■","") | L43: =IF(L44>0,"■","") | M43: =IF(M44>0,"■","") | N43: =IF(N44>0,"■","") | O43: =IF(O44>0,"■","") | ... AC43: =IF(AC44>0,"■","")
C44: 今週出来高率 | H44: =IF($D43=0,0,(H49*$D48+H114*$D113+H119*$D118+H124*$D123)/$D43) | I44: =IF($D43=0,0,(I49*$D48+I114*$D113+I119*$D118+I124*$D123)/$D43) | J44: =IF($D43=0,0,(J49*$D48+J114*$D113+J119*$D118+J124*$D123)/$D43) | K44: =IF($D43=0,0,(K49*$D48+K114*$D113+K119*$D118+K124*$D123)/$D43) | L44: =IF($D43=0,0,(L49*$D48+L114*$D113+L119*$D118+L124*$D123)/$D43) | M44: =IF($D43=0,0,(M49*$D48+M114*$D113+M119*$D118+M124*$D123)/$D43) | N44: =IF($D43=0,0,(N49*$D48+N114*$D113+N119*$D118+N124*$D123)/$D43) | O44: =IF($D43=0,0,(O49*$D48+O114*$D113+O119*$D118+O124*$D123)/$D43) | ... AC44: =IF($D43=0,0,(AC49*$D48+AC114*$D113+AC119*$D118+AC124*$D123)/$D43)
C45: 累計出来高率 | H45: =H44 | I45: =H45+I44 | J45: =I45+J44 | K45: =J45+K44 | L45: =K45+L44 | M45: =L45+M44 | N45: =M45+N44 | O45: =N45+O44 | P45: =O45+P44 | ... AC45: =AB45+AC44
C46: 今週出来高金額 | H46: =H51+H116+H121+H126 | I46: =I51+I116+I121+I126 | J46: =J51+J116+J121+J126 | K46: =K51+K116+K121+K126 | L46: =L51+L116+L121+L126 | M46: =M51+M116+M121+M126 | N46: =N51+N116+N121+N126 | O46: =O51+O116+O121+O126 | ... AC46: =AC51+AC116+AC121+AC126
C47: 累計出来高金額 | H47: =H46 | I47: =H47+I46 | J47: =I47+J46 | K47: =J47+K46 | L47: =K47+L46 | M47: =L47+M46 | N47: =M47+N46 | O47: =N47+O46 | P47: =O47+P46 | ... AC47: =AB47+AC46
A48: c)-1 | B48: 建築工事 | C48: 工程 | D48: =D53+D58+D63+D68+D73+D78+D83+D88+D93+D98+D103+D108 | E48: =COUNTIF(H49:AC49,">0") | F48: =SUM(H49:AC49) | G48: =IF(AND(ABS(F48-1)<0.0001,ABS(AC50-1)<0.0001),"OK",IF(E48=0,"工程未設定","NG")) | H48: =IF(H49>0,"■","") | I48: =IF(I49>0,"■","") | J48: =IF(J49>0,"■","") | K48: =IF(K49>0,"■","") | L48: =IF(L49>0,"■","") | M48: =IF(M49>0,"■","") | N48: =IF(N49>0,"■","") | O48: =IF(O49>0,"■","") | ... AC48: =IF(AC49>0,"■","")
C49: 今週出来高率 | H49: =IF($D48=0,0,(H54*$D53+H59*$D58+H64*$D63+H69*$D68+H74*$D73+H79*$D78+H84*$D83+H89*$D88+H94*$D93+H99*$D98+H104*$D103+H109*$D108)/$D48) | I49: =IF($D48=0,0,(I54*$D53+I59*$D58+I64*$D63+I69*$D68+I74*$D73+I79*$D78+I84*$D83+I89*$D88+I94*$D93+I99*$D98+I104*$D103+I109*$D108)/$D48) | J49: =IF($D48=0,0,(J54*$D53+J59*$D58+J64*$D63+J69*$D68+J74*$D73+J79*$D78+J84*$D83+J89*$D88+J94*$D93+J99*$D98+J104*$D103+J109*$D108)/$D48) | K49: =IF($D48=0,0,(K54*$D53+K59*$D58+K64*$D63+K69*$D68+K74*$D73+K79*$D78+K84*$D83+K89*$D88+K94*$D93+K99*$D98+K104*$D103+K109*$D108)/$D48) | L49: =IF($D48=0,0,(L54*$D53+L59*$D58+L64*$D63+L69*$D68+L74*$D73+L79*$D78+L84*$D83+L89*$D88+L94*$D93+L99*$D98+L104*$D103+L109*$D108)/$D48) | M49: =IF($D48=0,0,(M54*$D53+M59*$D58+M64*$D63+M69*$D68+M74*$D73+M79*$D78+M84*$D83+M89*$D88+M94*$D93+M99*$D98+M104*$D103+M109*$D108)/$D48) | N49: =IF($D48=0,0,(N54*$D53+N59*$D58+N64*$D63+N69*$D68+N74*$D73+N79*$D78+N84*$D83+N89*$D88+N94*$D93+N99*$D98+N104*$D103+N109*$D108)/$D48) | O49: =IF($D48=0,0,(O54*$D53+O59*$D58+O64*$D63+O69*$D68+O74*$D73+O79*$D78+O84*$D83+O89*$D88+O94*$D93+O99*$D98+O104*$D103+O109*$D108)/$D48) | ... AC49: =IF($D48=0,0,(AC54*$D53+AC59*$D58+AC64*$D63+AC69*$D68+AC74*$D73+AC79*$D78+AC84*$D83+AC89*$D88+AC94*$D93+AC99*$D98+AC104*$D103+AC109*$D108)/$D48)
C50: 累計出来高率 | H50: =H49 | I50: =H50+I49 | J50: =I50+J49 | K50: =J50+K49 | L50: =K50+L49 | M50: =L50+M49 | N50: =M50+N49 | O50: =N50+O49 | P50: =O50+P49 | ... AC50: =AB50+AC49
C51: 今週出来高金額 | H51: =H56+H61+H66+H71+H76+H81+H86+H91+H96+H101+H106+H111 | I51: =I56+I61+I66+I71+I76+I81+I86+I91+I96+I101+I106+I111 | J51: =J56+J61+J66+J71+J76+J81+J86+J91+J96+J101+J106+J111 | K51: =K56+K61+K66+K71+K76+K81+K86+K91+K96+K101+K106+K111 | L51: =L56+L61+L66+L71+L76+L81+L86+L91+L96+L101+L106+L111 | M51: =M56+M61+M66+M71+M76+M81+M86+M91+M96+M101+M106+M111 | N51: =N56+N61+N66+N71+N76+N81+N86+N91+N96+N101+N106+N111 | O51: =O56+O61+O66+O71+O76+O81+O86+O91+O96+O101+O106+O111 | ... AC51: =AC56+AC61+AC66+AC71+AC76+AC81+AC86+AC91+AC96+AC101+AC106+AC111
C52: 累計出来高金額 | H52: =H51 | I52: =H52+I51 | J52: =I52+J51 | K52: =J52+K51 | L52: =K52+L51 | M52: =L52+M51 | N52: =M52+N51 | O52: =N52+O51 | P52: =O52+P51 | ... AC52: =AB52+AC51
A53: 1 | B53: 直接仮設工事 | C53: 工程 | D53: ='金額リスト'!C15 | E53: =SUMPRODUCT((H53:AC53<>"")*(H$6:AC$6=1)) | F53: =SUM(H54:AC54) | G53: =IF(AND(ABS(F53-1)<0.0001,ABS(AC55-1)<0.0001),"OK",IF(E53=0,"工程未設定","NG")) | I53: 1 | L53: 1 | N53: 1 | Q53: 1 | X53: 1 | AA53: 1
C54: 今週出来高率 | H54: =IF(OR($E53=0,H53="",H$6<>1),0,1/$E53) | I54: =IF(OR($E53=0,I53="",I$6<>1),0,1/$E53) | J54: =IF(OR($E53=0,J53="",J$6<>1),0,1/$E53) | K54: =IF(OR($E53=0,K53="",K$6<>1),0,1/$E53) | L54: =IF(OR($E53=0,L53="",L$6<>1),0,1/$E53) | M54: =IF(OR($E53=0,M53="",M$6<>1),0,1/$E53) | N54: =IF(OR($E53=0,N53="",N$6<>1),0,1/$E53) | O54: =IF(OR($E53=0,O53="",O$6<>1),0,1/$E53) | ... AC54: =IF(OR($E53=0,AC53="",AC$6<>1),0,1/$E53)
C55: 累計出来高率 | H55: =H54 | I55: =H55+I54 | J55: =I55+J54 | K55: =J55+K54 | L55: =K55+L54 | M55: =L55+M54 | N55: =M55+N54 | O55: =N55+O54 | P55: =O55+P54 | ... AC55: =AB55+AC54
C56: 今週出来高金額 | H56: =H54*$D53 | I56: =I54*$D53 | J56: =J54*$D53 | K56: =K54*$D53 | L56: =L54*$D53 | M56: =M54*$D53 | N56: =N54*$D53 | O56: =O54*$D53 | ... AC56: =AC54*$D53
C57: 累計出来高金額 | H57: =H56 | I57: =H57+I56 | J57: =I57+J56 | K57: =J57+K56 | L57: =K57+L56 | M57: =L57+M56 | N57: =M57+N56 | O57: =N57+O56 | P57: =O57+P56 | ... AC57: =AB57+AC56
A58: 2 | B58: 躯体工事 | C58: 工程 | D58: ='金額リスト'!C16 | E58: =SUMPRODUCT((H58:AC58<>"")*(H$6:AC$6=1)) | F58: =SUM(H59:AC59) | G58: =IF(AND(ABS(F58-1)<0.0001,ABS(AC60-1)<0.0001),"OK",IF(E58=0,"工程未設定","NG")) | Q58: 1
C59: 今週出来高率 | H59: =IF(OR($E58=0,H58="",H$6<>1),0,1/$E58) | I59: =IF(OR($E58=0,I58="",I$6<>1),0,1/$E58) | J59: =IF(OR($E58=0,J58="",J$6<>1),0,1/$E58) | K59: =IF(OR($E58=0,K58="",K$6<>1),0,1/$E58) | L59: =IF(OR($E58=0,L58="",L$6<>1),0,1/$E58) | M59: =IF(OR($E58=0,M58="",M$6<>1),0,1/$E58) | N59: =IF(OR($E58=0,N58="",N$6<>1),0,1/$E58) | O59: =IF(OR($E58=0,O58="",O$6<>1),0,1/$E58) | ... AC59: =IF(OR($E58=0,AC58="",AC$6<>1),0,1/$E58)
C60: 累計出来高率 | H60: =H59 | I60: =H60+I59 | J60: =I60+J59 | K60: =J60+K59 | L60: =K60+L59 | M60: =L60+M59 | N60: =M60+N59 | O60: =N60+O59 | P60: =O60+P59 | ... AC60: =AB60+AC59
C61: 今週出来高金額 | H61: =H59*$D58 | I61: =I59*$D58 | J61: =J59*$D58 | K61: =K59*$D58 | L61: =L59*$D58 | M61: =M59*$D58 | N61: =N59*$D58 | O61: =O59*$D58 | ... AC61: =AC59*$D58
C62: 累計出来高金額 | H62: =H61 | I62: =H62+I61 | J62: =I62+J61 | K62: =J62+K61 | L62: =K62+L61 | M62: =L62+M61 | N62: =M62+N61 | O62: =N62+O61 | P62: =O62+P61 | ... AC62: =AB62+AC61
A63: 3 | B63: 防水工事 | C63: 工程 | D63: ='金額リスト'!C17 | E63: =SUMPRODUCT((H63:AC63<>"")*(H$6:AC$6=1)) | F63: =SUM(H64:AC64) | G63: =IF(AND(ABS(F63-1)<0.0001,ABS(AC65-1)<0.0001),"OK",IF(E63=0,"工程未設定","NG")) | W63: 1 | X63: 1 | Y63: 1 | Z63: 1 | AA63: 1
C64: 今週出来高率 | H64: =IF(OR($E63=0,H63="",H$6<>1),0,1/$E63) | I64: =IF(OR($E63=0,I63="",I$6<>1),0,1/$E63) | J64: =IF(OR($E63=0,J63="",J$6<>1),0,1/$E63) | K64: =IF(OR($E63=0,K63="",K$6<>1),0,1/$E63) | L64: =IF(OR($E63=0,L63="",L$6<>1),0,1/$E63) | M64: =IF(OR($E63=0,M63="",M$6<>1),0,1/$E63) | N64: =IF(OR($E63=0,N63="",N$6<>1),0,1/$E63) | O64: =IF(OR($E63=0,O63="",O$6<>1),0,1/$E63) | ... AC64: =IF(OR($E63=0,AC63="",AC$6<>1),0,1/$E63)
C65: 累計出来高率 | H65: =H64 | I65: =H65+I64 | J65: =I65+J64 | K65: =J65+K64 | L65: =K65+L64 | M65: =L65+M64 | N65: =M65+N64 | O65: =N65+O64 | P65: =O65+P64 | ... AC65: =AB65+AC64
C66: 今週出来高金額 | H66: =H64*$D63 | I66: =I64*$D63 | J66: =J64*$D63 | K66: =K64*$D63 | L66: =L64*$D63 | M66: =M64*$D63 | N66: =N64*$D63 | O66: =O64*$D63 | ... AC66: =AC64*$D63
C67: 累計出来高金額 | H67: =H66 | I67: =H67+I66 | J67: =I67+J66 | K67: =J67+K66 | L67: =K67+L66 | M67: =L67+M66 | N67: =M67+N66 | O67: =N67+O66 | P67: =O67+P66 | ... AC67: =AB67+AC66
A68: 4 | B68: タイル工事 | C68: 工程 | D68: ='金額リスト'!C18 | E68: =SUMPRODUCT((H68:AC68<>"")*(H$6:AC$6=1)) | F68: =SUM(H69:AC69) | G68: =IF(AND(ABS(F68-1)<0.0001,ABS(AC70-1)<0.0001),"OK",IF(E68=0,"工程未設定","NG")) | U68: 1 | V68: 1 | W68: 1 | Y68: 1 | Z68: 1 | AA68: 1
C69: 今週出来高率 | H69: =IF(OR($E68=0,H68="",H$6<>1),0,1/$E68) | I69: =IF(OR($E68=0,I68="",I$6<>1),0,1/$E68) | J69: =IF(OR($E68=0,J68="",J$6<>1),0,1/$E68) | K69: =IF(OR($E68=0,K68="",K$6<>1),0,1/$E68) | L69: =IF(OR($E68=0,L68="",L$6<>1),0,1/$E68) | M69: =IF(OR($E68=0,M68="",M$6<>1),0,1/$E68) | N69: =IF(OR($E68=0,N68="",N$6<>1),0,1/$E68) | O69: =IF(OR($E68=0,O68="",O$6<>1),0,1/$E68) | ... AC69: =IF(OR($E68=0,AC68="",AC$6<>1),0,1/$E68)
C70: 累計出来高率 | H70: =H69 | I70: =H70+I69 | J70: =I70+J69 | K70: =J70+K69 | L70: =K70+L69 | M70: =L70+M69 | N70: =M70+N69 | O70: =N70+O69 | P70: =O70+P69 | ... AC70: =AB70+AC69
C71: 今週出来高金額 | H71: =H69*$D68 | I71: =I69*$D68 | J71: =J69*$D68 | K71: =K69*$D68 | L71: =L69*$D68 | M71: =M69*$D68 | N71: =N69*$D68 | O71: =O69*$D68 | ... AC71: =AC69*$D68
C72: 累計出来高金額 | H72: =H71 | I72: =H72+I71 | J72: =I72+J71 | K72: =J72+K71 | L72: =K72+L71 | M72: =L72+M71 | N72: =M72+N71 | O72: =N72+O71 | P72: =O72+P71 | ... AC72: =AB72+AC71
A73: 5 | B73: 金属工事 | C73: 工程 | D73: ='金額リスト'!C19 | E73: =SUMPRODUCT((H73:AC73<>"")*(H$6:AC$6=1)) | F73: =SUM(H74:AC74) | G73: =IF(AND(ABS(F73-1)<0.0001,ABS(AC75-1)<0.0001),"OK",IF(E73=0,"工程未設定","NG")) | M73: 1 | N73: 1 | O73: 1 | V73: 1 | X73: 1
C74: 今週出来高率 | H74: =IF(OR($E73=0,H73="",H$6<>1),0,1/$E73) | I74: =IF(OR($E73=0,I73="",I$6<>1),0,1/$E73) | J74: =IF(OR($E73=0,J73="",J$6<>1),0,1/$E73) | K74: =IF(OR($E73=0,K73="",K$6<>1),0,1/$E73) | L74: =IF(OR($E73=0,L73="",L$6<>1),0,1/$E73) | M74: =IF(OR($E73=0,M73="",M$6<>1),0,1/$E73) | N74: =IF(OR($E73=0,N73="",N$6<>1),0,1/$E73) | O74: =IF(OR($E73=0,O73="",O$6<>1),0,1/$E73) | ... AC74: =IF(OR($E73=0,AC73="",AC$6<>1),0,1/$E73)
C75: 累計出来高率 | H75: =H74 | I75: =H75+I74 | J75: =I75+J74 | K75: =J75+K74 | L75: =K75+L74 | M75: =L75+M74 | N75: =M75+N74 | O75: =N75+O74 | P75: =O75+P74 | ... AC75: =AB75+AC74
C76: 今週出来高金額 | H76: =H74*$D73 | I76: =I74*$D73 | J76: =J74*$D73 | K76: =K74*$D73 | L76: =L74*$D73 | M76: =M74*$D73 | N76: =N74*$D73 | O76: =O74*$D73 | ... AC76: =AC74*$D73
C77: 累計出来高金額 | H77: =H76 | I77: =H77+I76 | J77: =I77+J76 | K77: =J77+K76 | L77: =K77+L76 | M77: =L77+M76 | N77: =M77+N76 | O77: =N77+O76 | P77: =O77+P76 | ... AC77: =AB77+AC76
A78: 6 | B78: 金属製建具工事 | C78: 工程 | D78: ='金額リスト'!C20 | E78: =SUMPRODUCT((H78:AC78<>"")*(H$6:AC$6=1)) | F78: =SUM(H79:AC79) | G78: =IF(AND(ABS(F78-1)<0.0001,ABS(AC80-1)<0.0001),"OK",IF(E78=0,"工程未設定","NG")) | O78: 1 | Q78: 1
C79: 今週出来高率 | H79: =IF(OR($E78=0,H78="",H$6<>1),0,1/$E78) | I79: =IF(OR($E78=0,I78="",I$6<>1),0,1/$E78) | J79: =IF(OR($E78=0,J78="",J$6<>1),0,1/$E78) | K79: =IF(OR($E78=0,K78="",K$6<>1),0,1/$E78) | L79: =IF(OR($E78=0,L78="",L$6<>1),0,1/$E78) | M79: =IF(OR($E78=0,M78="",M$6<>1),0,1/$E78) | N79: =IF(OR($E78=0,N78="",N$6<>1),0,1/$E78) | O79: =IF(OR($E78=0,O78="",O$6<>1),0,1/$E78) | ... AC79: =IF(OR($E78=0,AC78="",AC$6<>1),0,1/$E78)
C80: 累計出来高率 | H80: =H79 | I80: =H80+I79 | J80: =I80+J79 | K80: =J80+K79 | L80: =K80+L79 | M80: =L80+M79 | N80: =M80+N79 | O80: =N80+O79 | P80: =O80+P79 | ... AC80: =AB80+AC79
C81: 今週出来高金額 | H81: =H79*$D78 | I81: =I79*$D78 | J81: =J79*$D78 | K81: =K79*$D78 | L81: =L79*$D78 | M81: =M79*$D78 | N81: =N79*$D78 | O81: =O79*$D78 | ... AC81: =AC79*$D78
C82: 累計出来高金額 | H82: =H81 | I82: =H82+I81 | J82: =I82+J81 | K82: =J82+K81 | L82: =K82+L81 | M82: =L82+M81 | N82: =M82+N81 | O82: =N82+O81 | P82: =O82+P81 | ... AC82: =AB82+AC81
A83: 7 | B83: ガラス工事 | C83: 工程 | D83: ='金額リスト'!C21 | E83: =SUMPRODUCT((H83:AC83<>"")*(H$6:AC$6=1)) | F83: =SUM(H84:AC84) | G83: =IF(AND(ABS(F83-1)<0.0001,ABS(AC85-1)<0.0001),"OK",IF(E83=0,"工程未設定","NG")) | O83: 1 | Q83: 1
C84: 今週出来高率 | H84: =IF(OR($E83=0,H83="",H$6<>1),0,1/$E83) | I84: =IF(OR($E83=0,I83="",I$6<>1),0,1/$E83) | J84: =IF(OR($E83=0,J83="",J$6<>1),0,1/$E83) | K84: =IF(OR($E83=0,K83="",K$6<>1),0,1/$E83) | L84: =IF(OR($E83=0,L83="",L$6<>1),0,1/$E83) | M84: =IF(OR($E83=0,M83="",M$6<>1),0,1/$E83) | N84: =IF(OR($E83=0,N83="",N$6<>1),0,1/$E83) | O84: =IF(OR($E83=0,O83="",O$6<>1),0,1/$E83) | ... AC84: =IF(OR($E83=0,AC83="",AC$6<>1),0,1/$E83)
C85: 累計出来高率 | H85: =H84 | I85: =H85+I84 | J85: =I85+J84 | K85: =J85+K84 | L85: =K85+L84 | M85: =L85+M84 | N85: =M85+N84 | O85: =N85+O84 | P85: =O85+P84 | ... AC85: =AB85+AC84
C86: 今週出来高金額 | H86: =H84*$D83 | I86: =I84*$D83 | J86: =J84*$D83 | K86: =K84*$D83 | L86: =L84*$D83 | M86: =M84*$D83 | N86: =N84*$D83 | O86: =O84*$D83 | ... AC86: =AC84*$D83
C87: 累計出来高金額 | H87: =H86 | I87: =H87+I86 | J87: =I87+J86 | K87: =J87+K86 | L87: =K87+L86 | M87: =L87+M86 | N87: =M87+N86 | O87: =N87+O86 | P87: =O87+P86 | ... AC87: =AB87+AC86
A88: 8 | B88: 木工事 | C88: 工程 | D88: ='金額リスト'!C22 | E88: =SUMPRODUCT((H88:AC88<>"")*(H$6:AC$6=1)) | F88: =SUM(H89:AC89) | G88: =IF(AND(ABS(F88-1)<0.0001,ABS(AC90-1)<0.0001),"OK",IF(E88=0,"工程未設定","NG")) | R88: 1 | S88: 1 | T88: 1 | V88: 1 | W88: 1 | X88: 1 | Y88: 1 | AA88: 1
C89: 今週出来高率 | H89: =IF(OR($E88=0,H88="",H$6<>1),0,1/$E88) | I89: =IF(OR($E88=0,I88="",I$6<>1),0,1/$E88) | J89: =IF(OR($E88=0,J88="",J$6<>1),0,1/$E88) | K89: =IF(OR($E88=0,K88="",K$6<>1),0,1/$E88) | L89: =IF(OR($E88=0,L88="",L$6<>1),0,1/$E88) | M89: =IF(OR($E88=0,M88="",M$6<>1),0,1/$E88) | N89: =IF(OR($E88=0,N88="",N$6<>1),0,1/$E88) | O89: =IF(OR($E88=0,O88="",O$6<>1),0,1/$E88) | ... AC89: =IF(OR($E88=0,AC88="",AC$6<>1),0,1/$E88)
C90: 累計出来高率 | H90: =H89 | I90: =H90+I89 | J90: =I90+J89 | K90: =J90+K89 | L90: =K90+L89 | M90: =L90+M89 | N90: =M90+N89 | O90: =N90+O89 | P90: =O90+P89 | ... AC90: =AB90+AC89
C91: 今週出来高金額 | H91: =H89*$D88 | I91: =I89*$D88 | J91: =J89*$D88 | K91: =K89*$D88 | L91: =L89*$D88 | M91: =M89*$D88 | N91: =N89*$D88 | O91: =O89*$D88 | ... AC91: =AC89*$D88
C92: 累計出来高金額 | H92: =H91 | I92: =H92+I91 | J92: =I92+J91 | K92: =J92+K91 | L92: =K92+L91 | M92: =L92+M91 | N92: =M92+N91 | O92: =N92+O91 | P92: =O92+P91 | ... AC92: =AB92+AC91
A93: 9 | B93: 左官工事 | C93: 工程 | D93: ='金額リスト'!C23 | E93: =SUMPRODUCT((H93:AC93<>"")*(H$6:AC$6=1)) | F93: =SUM(H94:AC94) | G93: =IF(AND(ABS(F93-1)<0.0001,ABS(AC95-1)<0.0001),"OK",IF(E93=0,"工程未設定","NG")) | N93: 1 | O93: 1 | Q93: 1 | R93: 1 | S93: 1 | T93: 1 | V93: 1 | W93: 1 | X93: 1 | Y93: 1 | Z93: 1
C94: 今週出来高率 | H94: =IF(OR($E93=0,H93="",H$6<>1),0,1/$E93) | I94: =IF(OR($E93=0,I93="",I$6<>1),0,1/$E93) | J94: =IF(OR($E93=0,J93="",J$6<>1),0,1/$E93) | K94: =IF(OR($E93=0,K93="",K$6<>1),0,1/$E93) | L94: =IF(OR($E93=0,L93="",L$6<>1),0,1/$E93) | M94: =IF(OR($E93=0,M93="",M$6<>1),0,1/$E93) | N94: =IF(OR($E93=0,N93="",N$6<>1),0,1/$E93) | O94: =IF(OR($E93=0,O93="",O$6<>1),0,1/$E93) | ... AC94: =IF(OR($E93=0,AC93="",AC$6<>1),0,1/$E93)
C95: 累計出来高率 | H95: =H94 | I95: =H95+I94 | J95: =I95+J94 | K95: =J95+K94 | L95: =K95+L94 | M95: =L95+M94 | N95: =M95+N94 | O95: =N95+O94 | P95: =O95+P94 | ... AC95: =AB95+AC94
C96: 今週出来高金額 | H96: =H94*$D93 | I96: =I94*$D93 | J96: =J94*$D93 | K96: =K94*$D93 | L96: =L94*$D93 | M96: =M94*$D93 | N96: =N94*$D93 | O96: =O94*$D93 | ... AC96: =AC94*$D93
C97: 累計出来高金額 | H97: =H96 | I97: =H97+I96 | J97: =I97+J96 | K97: =J97+K96 | L97: =K97+L96 | M97: =L97+M96 | N97: =M97+N96 | O97: =N97+O96 | P97: =O97+P96 | ... AC97: =AB97+AC96
A98: 10 | B98: 塗装工事 | C98: 工程 | D98: ='金額リスト'!C24 | E98: =SUMPRODUCT((H98:AC98<>"")*(H$6:AC$6=1)) | F98: =SUM(H99:AC99) | G98: =IF(AND(ABS(F98-1)<0.0001,ABS(AC100-1)<0.0001),"OK",IF(E98=0,"工程未設定","NG")) | N98: 1 | O98: 1 | Q98: 1 | U98: 1 | V98: 1
C99: 今週出来高率 | H99: =IF(OR($E98=0,H98="",H$6<>1),0,1/$E98) | I99: =IF(OR($E98=0,I98="",I$6<>1),0,1/$E98) | J99: =IF(OR($E98=0,J98="",J$6<>1),0,1/$E98) | K99: =IF(OR($E98=0,K98="",K$6<>1),0,1/$E98) | L99: =IF(OR($E98=0,L98="",L$6<>1),0,1/$E98) | M99: =IF(OR($E98=0,M98="",M$6<>1),0,1/$E98) | N99: =IF(OR($E98=0,N98="",N$6<>1),0,1/$E98) | O99: =IF(OR($E98=0,O98="",O$6<>1),0,1/$E98) | ... AC99: =IF(OR($E98=0,AC98="",AC$6<>1),0,1/$E98)
C100: 累計出来高率 | H100: =H99 | I100: =H100+I99 | J100: =I100+J99 | K100: =J100+K99 | L100: =K100+L99 | M100: =L100+M99 | N100: =M100+N99 | O100: =N100+O99 | P100: =O100+P99 | ... AC100: =AB100+AC99
...

Sheet 月別出来高
A1: 月別 予想出来高（予想出来高率・予想出来高金額）
A2: 予想値（実績ではありません）。「週間出来高」シートの各週を計上月（同シート7行目）ごとに集計。月をまたぐ週は月曜の属する月に計上。
A4: 項 | B4: 名称 | C4: 区分 | D4: 契約金額（円） | E4: 11月 | F4: 12月 | G4: 1月 | H4: 2月 | I4: 3月 | J4: 計 | K4: 100%チェック
B5: 工事費 合計（税抜） | C5: 月出来高率 | D5: ='週間出来高'!D8 | E5: =SUMPRODUCT(('週間出来高'!$H$7:$AC$7=11)*'週間出来高'!$H$9:$AC$9) | F5: =SUMPRODUCT(('週間出来高'!$H$7:$AC$7=12)*'週間出来高'!$H$9:$AC$9) | G5: =SUMPRODUCT(('週間出来高'!$H$7:$AC$7=1)*'週間出来高'!$H$9:$AC$9) | H5: =SUMPRODUCT(('週間出来高'!$H$7:$AC$7=2)*'週間出来高'!$H$9:$AC$9) | I5: =SUMPRODUCT(('週間出来高'!$H$7:$AC$7=3)*'週間出来高'!$H$9:$AC$9) | J5: =SUM(E5:I5) | K5: =IF(AND(ABS(J5-1)<0.0001,ABS(J7-D5)<1),"OK","NG")
C6: 累計出来高率 | E6: =E5 | F6: =E6+F5 | G6: =F6+G5 | H6: =G6+H5 | I6: =H6+I5 | J6: =I6
C7: 月出来高金額 | E7: =SUMPRODUCT(('週間出来高'!$H$7:$AC$7=11)*'週間出来高'!$H$11:$AC$11) | F7: =SUMPRODUCT(('週間出来高'!$H$7:$AC$7=12)*'週間出来高'!$H$11:$AC$11) | G7: =SUMPRODUCT(('週間出来高'!$H$7:$AC$7=1)*'週間出来高'!$H$11:$AC$11) | H7: =SUMPRODUCT(('週間出来高'!$H$7:$AC$7=2)*'週間出来高'!$H$11:$AC$11) | I7: =SUMPRODUCT(('週間出来高'!$H$7:$AC$7=3)*'週間出来高'!$H$11:$AC$11) | J7: =SUM(E7:I7)
A8: a) | B8: 共通仮設工事 | C8: 月出来高率 | D8: ='週間出来高'!D13 | E8: =SUMPRODUCT(('週間出来高'!$H$7:$AC$7=11)*'週間出来高'!$H$14:$AC$14) | F8: =SUMPRODUCT(('週間出来高'!$H$7:$AC$7=12)*'週間出来高'!$H$14:$AC$14) | G8: =SUMPRODUCT(('週間出来高'!$H$7:$AC$7=1)*'週間出来高'!$H$14:$AC$14) | H8: =SUMPRODUCT(('週間出来高'!$H$7:$AC$7=2)*'週間出来高'!$H$14:$AC$14) | I8: =SUMPRODUCT(('週間出来高'!$H$7:$AC$7=3)*'週間出来高'!$H$14:$AC$14) | J8: =SUM(E8:I8) | K8: =IF(AND(ABS(J8-1)<0.0001,ABS(J10-D8)<1),"OK","NG")
C9: 累計出来高率 | E9: =E8 | F9: =E9+F8 | G9: =F9+G8 | H9: =G9+H8 | I9: =H9+I8 | J9: =I9
C10: 月出来高金額 | E10: =SUMPRODUCT(('週間出来高'!$H$7:$AC$7=11)*'週間出来高'!$H$16:$AC$16) | F10: =SUMPRODUCT(('週間出来高'!$H$7:$AC$7=12)*'週間出来高'!$H$16:$AC$16) | G10: =SUMPRODUCT(('週間出来高'!$H$7:$AC$7=1)*'週間出来高'!$H$16:$AC$16) | H10: =SUMPRODUCT(('週間出来高'!$H$7:$AC$7=2)*'週間出来高'!$H$16:$AC$16) | I10: =SUMPRODUCT(('週間出来高'!$H$7:$AC$7=3)*'週間出来高'!$H$16:$AC$16) | J10: =SUM(E10:I10)
A11: b) | B11: 解体撤去工事 | C11: 月出来高率 | D11: ='週間出来高'!D18 | E11: =SUMPRODUCT(('週間出来高'!$H$7:$AC$7=11)*'週間出来高'!$H$19:$AC$19) | F11: =SUMPRODUCT(('週間出来高'!$H$7:$AC$7=12)*'週間出来高'!$H$19:$AC$19) | G11: =SUMPRODUCT(('週間出来高'!$H$7:$AC$7=1)*'週間出来高'!$H$19:$AC$19) | H11: =SUMPRODUCT(('週間出来高'!$H$7:$AC$7=2)*'週間出来高'!$H$19:$AC$19) | I11: =SUMPRODUCT(('週間出来高'!$H$7:$AC$7=3)*'週間出来高'!$H$19:$AC$19) | J11: =SUM(E11:I11) | K11: =IF(AND(ABS(J11-1)<0.0001,ABS(J13-D11)<1),"OK","NG")
C12: 累計出来高率 | E12: =E11 | F12: =E12+F11 | G12: =F12+G11 | H12: =G12+H11 | I12: =H12+I11 | J12: =I12
C13: 月出来高金額 | E13: =SUMPRODUCT(('週間出来高'!$H$7:$AC$7=11)*'週間出来高'!$H$21:$AC$21) | F13: =SUMPRODUCT(('週間出来高'!$H$7:$AC$7=12)*'週間出来高'!$H$21:$AC$21) | G13: =SUMPRODUCT(('週間出来高'!$H$7:$AC$7=1)*'週間出来高'!$H$21:$AC$21) | H13: =SUMPRODUCT(('週間出来高'!$H$7:$AC$7=2)*'週間出来高'!$H$21:$AC$21) | I13: =SUMPRODUCT(('週間出来高'!$H$7:$AC$7=3)*'週間出来高'!$H$21:$AC$21) | J13: =SUM(E13:I13)
A14: b)-1 | B14: 建築工事 | C14: 月出来高率 | D14: ='週間出来高'!D23 | E14: =SUMPRODUCT(('週間出来高'!$H$7:$AC$7=11)*'週間出来高'!$H$24:$AC$24) | F14: =SUMPRODUCT(('週間出来高'!$H$7:$AC$7=12)*'週間出来高'!$H$24:$AC$24) | G14: =SUMPRODUCT(('週間出来高'!$H$7:$AC$7=1)*'週間出来高'!$H$24:$AC$24) | H14: =SUMPRODUCT(('週間出来高'!$H$7:$AC$7=2)*'週間出来高'!$H$24:$AC$24) | I14: =SUMPRODUCT(('週間出来高'!$H$7:$AC$7=3)*'週間出来高'!$H$24:$AC$24) | J14: =SUM(E14:I14) | K14: =IF(AND(ABS(J14-1)<0.0001,ABS(J16-D14)<1),"OK","NG")
C15: 累計出来高率 | E15: =E14 | F15: =E15+F14 | G15: =F15+G14 | H15: =G15+H14 | I15: =H15+I14 | J15: =I15
C16: 月出来高金額 | E16: =SUMPRODUCT(('週間出来高'!$H$7:$AC$7=11)*'週間出来高'!$H$26:$AC$26) | F16: =SUMPRODUCT(('週間出来高'!$H$7:$AC$7=12)*'週間出来高'!$H$26:$AC$26) | G16: =SUMPRODUCT(('週間出来高'!$H$7:$AC$7=1)*'週間出来高'!$H$26:$AC$26) | H16: =SUMPRODUCT(('週間出来高'!$H$7:$AC$7=2)*'週間出来高'!$H$26:$AC$26) | I16: =SUMPRODUCT(('週間出来高'!$H$7:$AC$7=3)*'週間出来高'!$H$26:$AC$26) | J16: =SUM(E16:I16)
B17: 電気設備工事 | C17: 月出来高率 | D17: ='週間出来高'!D28 | E17: =SUMPRODUCT(('週間出来高'!$H$7:$AC$7=11)*'週間出来高'!$H$29:$AC$29) | F17: =SUMPRODUCT(('週間出来高'!$H$7:$AC$7=12)*'週間出来高'!$H$29:$AC$29) | G17: =SUMPRODUCT(('週間出来高'!$H$7:$AC$7=1)*'週間出来高'!$H$29:$AC$29) | H17: =SUMPRODUCT(('週間出来高'!$H$7:$AC$7=2)*'週間出来高'!$H$29:$AC$29) | I17: =SUMPRODUCT(('週間出来高'!$H$7:$AC$7=3)*'週間出来高'!$H$29:$AC$29) | J17: =SUM(E17:I17) | K17: =IF(AND(ABS(J17-1)<0.0001,ABS(J19-D17)<1),"OK","NG")
C18: 累計出来高率 | E18: =E17 | F18: =E18+F17 | G18: =F18+G17 | H18: =G18+H17 | I18: =H18+I17 | J18: =I18
C19: 月出来高金額 | E19: =SUMPRODUCT(('週間出来高'!$H$7:$AC$7=11)*'週間出来高'!$H$31:$AC$31) | F19: =SUMPRODUCT(('週間出来高'!$H$7:$AC$7=12)*'週間出来高'!$H$31:$AC$31) | G19: =SUMPRODUCT(('週間出来高'!$H$7:$AC$7=1)*'週間出来高'!$H$31:$AC$31) | H19: =SUMPRODUCT(('週間出来高'!$H$7:$AC$7=2)*'週間出来高'!$H$31:$AC$31) | I19: =SUMPRODUCT(('週間出来高'!$H$7:$AC$7=3)*'週間出来高'!$H$31:$AC$31) | J19: =SUM(E19:I19)
B20: 空気調和設備工事 | C20: 月出来高率 | D20: ='週間出来高'!D33 | E20: =SUMPRODUCT(('週間出来高'!$H$7:$AC$7=11)*'週間出来高'!$H$34:$AC$34) | F20: =SUMPRODUCT(('週間出来高'!$H$7:$AC$7=12)*'週間出来高'!$H$34:$AC$34) | G20: =SUMPRODUCT(('週間出来高'!$H$7:$AC$7=1)*'週間出来高'!$H$34:$AC$34) | H20: =SUMPRODUCT(('週間出来高'!$H$7:$AC$7=2)*'週間出来高'!$H$34:$AC$34) | I20: =SUMPRODUCT(('週間出来高'!$H$7:$AC$7=3)*'週間出来高'!$H$34:$AC$34) | J20: =SUM(E20:I20) | K20: =IF(AND(ABS(J20-1)<0.0001,ABS(J22-D20)<1),"OK","NG")
C21: 累計出来高率 | E21: =E20 | F21: =E21+F20 | G21: =F21+G20 | H21: =G21+H20 | I21: =H21+I20 | J21: =I21
C22: 月出来高金額 | E22: =SUMPRODUCT(('週間出来高'!$H$7:$AC$7=11)*'週間出来高'!$H$36:$AC$36) | F22: =SUMPRODUCT(('週間出来高'!$H$7:$AC$7=12)*'週間出来高'!$H$36:$AC$36) | G22: =SUMPRODUCT(('週間出来高'!$H$7:$AC$7=1)*'週間出来高'!$H$36:$AC$36) | H22: =SUMPRODUCT(('週間出来高'!$H$7:$AC$7=2)*'週間出来高'!$H$36:$AC$36) | I22: =SUMPRODUCT(('週間出来高'!$H$7:$AC$7=3)*'週間出来高'!$H$36:$AC$36) | J22: =SUM(E22:I22)
B23: 衛生設備工事 | C23: 月出来高率 | D23: ='週間出来高'!D38 | E23: =SUMPRODUCT(('週間出来高'!$H$7:$AC$7=11)*'週間出来高'!$H$39:$AC$39) | F23: =SUMPRODUCT(('週間出来高'!$H$7:$AC$7=12)*'週間出来高'!$H$39:$AC$39) | G23: =SUMPRODUCT(('週間出来高'!$H$7:$AC$7=1)*'週間出来高'!$H$39:$AC$39) | H23: =SUMPRODUCT(('週間出来高'!$H$7:$AC$7=2)*'週間出来高'!$H$39:$AC$39) | I23: =SUMPRODUCT(('週間出来高'!$H$7:$AC$7=3)*'週間出来高'!$H$39:$AC$39) | J23: =SUM(E23:I23) | K23: =IF(AND(ABS(J23-1)<0.0001,ABS(J25-D23)<1),"OK","NG")
C24: 累計出来高率 | E24: =E23 | F24: =E24+F23 | G24: =F24+G23 | H24: =G24+H23 | I24: =H24+I23 | J24: =I24
C25: 月出来高金額 | E25: =SUMPRODUCT(('週間出来高'!$H$7:$AC$7=11)*'週間出来高'!$H$41:$AC$41) | F25: =SUMPRODUCT(('週間出来高'!$H$7:$AC$7=12)*'週間出来高'!$H$41:$AC$41) | G25: =SUMPRODUCT(('週間出来高'!$H$7:$AC$7=1)*'週間出来高'!$H$41:$AC$41) | H25: =SUMPRODUCT(('週間出来高'!$H$7:$AC$7=2)*'週間出来高'!$H$41:$AC$41) | I25: =SUMPRODUCT(('週間出来高'!$H$7:$AC$7=3)*'週間出来高'!$H$41:$AC$41) | J25: =SUM(E25:I25)
A26: c) | B26: 改修工事 | C26: 月出来高率 | D26: ='週間出来高'!D43 | E26: =SUMPRODUCT(('週間出来高'!$H$7:$AC$7=11)*'週間出来高'!$H$44:$AC$44) | F26: =SUMPRODUCT(('週間出来高'!$H$7:$AC$7=12)*'週間出来高'!$H$44:$AC$44) | G26: =SUMPRODUCT(('週間出来高'!$H$7:$AC$7=1)*'週間出来高'!$H$44:$AC$44) | H26: =SUMPRODUCT(('週間出来高'!$H$7:$AC$7=2)*'週間出来高'!$H$44:$AC$44) | I26: =SUMPRODUCT(('週間出来高'!$H$7:$AC$7=3)*'週間出来高'!$H$44:$AC$44) | J26: =SUM(E26:I26) | K26: =IF(AND(ABS(J26-1)<0.0001,ABS(J28-D26)<1),"OK","NG")
C27: 累計出来高率 | E27: =E26 | F27: =E27+F26 | G27: =F27+G26 | H27: =G27+H26 | I27: =H27+I26 | J27: =I27
C28: 月出来高金額 | E28: =SUMPRODUCT(('週間出来高'!$H$7:$AC$7=11)*'週間出来高'!$H$46:$AC$46) | F28: =SUMPRODUCT(('週間出来高'!$H$7:$AC$7=12)*'週間出来高'!$H$46:$AC$46) | G28: =SUMPRODUCT(('週間出来高'!$H$7:$AC$7=1)*'週間出来高'!$H$46:$AC$46) | H28: =SUMPRODUCT(('週間出来高'!$H$7:$AC$7=2)*'週間出来高'!$H$46:$AC$46) | I28: =SUMPRODUCT(('週間出来高'!$H$7:$AC$7=3)*'週間出来高'!$H$46:$AC$46) | J28: =SUM(E28:I28)
A29: c)-1 | B29: 建築工事 | C29: 月出来高率 | D29: ='週間出来高'!D48 | E29: =SUMPRODUCT(('週間出来高'!$H$7:$AC$7=11)*'週間出来高'!$H$49:$AC$49) | F29: =SUMPRODUCT(('週間出来高'!$H$7:$AC$7=12)*'週間出来高'!$H$49:$AC$49) | G29: =SUMPRODUCT(('週間出来高'!$H$7:$AC$7=1)*'週間出来高'!$H$49:$AC$49) | H29: =SUMPRODUCT(('週間出来高'!$H$7:$AC$7=2)*'週間出来高'!$H$49:$AC$49) | I29: =SUMPRODUCT(('週間出来高'!$H$7:$AC$7=3)*'週間出来高'!$H$49:$AC$49) | J29: =SUM(E29:I29) | K29: =IF(AND(ABS(J29-1)<0.0001,ABS(J31-D29)<1),"OK","NG")
C30: 累計出来高率 | E30: =E29 | F30: =E30+F29 | G30: =F30+G29 | H30: =G30+H29 | I30: =H30+I29 | J30: =I30
C31: 月出来高金額 | E31: =SUMPRODUCT(('週間出来高'!$H$7:$AC$7=11)*'週間出来高'!$H$51:$AC$51) | F31: =SUMPRODUCT(('週間出来高'!$H$7:$AC$7=12)*'週間出来高'!$H$51:$AC$51) | G31: =SUMPRODUCT(('週間出来高'!$H$7:$AC$7=1)*'週間出来高'!$H$51:$AC$51) | H31: =SUMPRODUCT(('週間出来高'!$H$7:$AC$7=2)*'週間出来高'!$H$51:$AC$51) | I31: =SUMPRODUCT(('週間出来高'!$H$7:$AC$7=3)*'週間出来高'!$H$51:$AC$51) | J31: =SUM(E31:I31)
A32: 1 | B32: 直接仮設工事 | C32: 月出来高率 | D32: ='週間出来高'!D53 | E32: =SUMPRODUCT(('週間出来高'!$H$7:$AC$7=11)*'週間出来高'!$H$54:$AC$54) | F32: =SUMPRODUCT(('週間出来高'!$H$7:$AC$7=12)*'週間出来高'!$H$54:$AC$54) | G32: =SUMPRODUCT(('週間出来高'!$H$7:$AC$7=1)*'週間出来高'!$H$54:$AC$54) | H32: =SUMPRODUCT(('週間出来高'!$H$7:$AC$7=2)*'週間出来高'!$H$54:$AC$54) | I32: =SUMPRODUCT(('週間出来高'!$H$7:$AC$7=3)*'週間出来高'!$H$54:$AC$54) | J32: =SUM(E32:I32) | K32: =IF(AND(ABS(J32-1)<0.0001,ABS(J34-D32)<1),"OK","NG")
C33: 累計出来高率 | E33: =E32 | F33: =E33+F32 | G33: =F33+G32 | H33: =G33+H32 | I33: =H33+I32 | J33: =I33
C34: 月出来高金額 | E34: =SUMPRODUCT(('週間出来高'!$H$7:$AC$7=11)*'週間出来高'!$H$56:$AC$56) | F34: =SUMPRODUCT(('週間出来高'!$H$7:$AC$7=12)*'週間出来高'!$H$56:$AC$56) | G34: =SUMPRODUCT(('週間出来高'!$H$7:$AC$7=1)*'週間出来高'!$H$56:$AC$56) | H34: =SUMPRODUCT(('週間出来高'!$H$7:$AC$7=2)*'週間出来高'!$H$56:$AC$56) | I34: =SUMPRODUCT(('週間出来高'!$H$7:$AC$7=3)*'週間出来高'!$H$56:$AC$56) | J34: =SUM(E34:I34)
A35: 2 | B35: 躯体工事 | C35: 月出来高率 | D35: ='週間出来高'!D58 | E35: =SUMPRODUCT(('週間出来高'!$H$7:$AC$7=11)*'週間出来高'!$H$59:$AC$59) | F35: =SUMPRODUCT(('週間出来高'!$H$7:$AC$7=12)*'週間出来高'!$H$59:$AC$59) | G35: =SUMPRODUCT(('週間出来高'!$H$7:$AC$7=1)*'週間出来高'!$H$59:$AC$59) | H35: =SUMPRODUCT(('週間出来高'!$H$7:$AC$7=2)*'週間出来高'!$H$59:$AC$59) | I35: =SUMPRODUCT(('週間出来高'!$H$7:$AC$7=3)*'週間出来高'!$H$59:$AC$59) | J35: =SUM(E35:I35) | K35: =IF(AND(ABS(J35-1)<0.0001,ABS(J37-D35)<1),"OK","NG")
C36: 累計出来高率 | E36: =E35 | F36: =E36+F35 | G36: =F36+G35 | H36: =G36+H35 | I36: =H36+I35 | J36: =I36
C37: 月出来高金額 | E37: =SUMPRODUCT(('週間出来高'!$H$7:$AC$7=11)*'週間出来高'!$H$61:$AC$61) | F37: =SUMPRODUCT(('週間出来高'!$H$7:$AC$7=12)*'週間出来高'!$H$61:$AC$61) | G37: =SUMPRODUCT(('週間出来高'!$H$7:$AC$7=1)*'週間出来高'!$H$61:$AC$61) | H37: =SUMPRODUCT(('週間出来高'!$H$7:$AC$7=2)*'週間出来高'!$H$61:$AC$61) | I37: =SUMPRODUCT(('週間出来高'!$H$7:$AC$7=3)*'週間出来高'!$H$61:$AC$61) | J37: =SUM(E37:I37)
A38: 3 | B38: 防水工事 | C38: 月出来高率 | D38: ='週間出来高'!D63 | E38: =SUMPRODUCT(('週間出来高'!$H$7:$AC$7=11)*'週間出来高'!$H$64:$AC$64) | F38: =SUMPRODUCT(('週間出来高'!$H$7:$AC$7=12)*'週間出来高'!$H$64:$AC$64) | G38: =SUMPRODUCT(('週間出来高'!$H$7:$AC$7=1)*'週間出来高'!$H$64:$AC$64) | H38: =SUMPRODUCT(('週間出来高'!$H$7:$AC$7=2)*'週間出来高'!$H$64:$AC$64) | I38: =SUMPRODUCT(('週間出来高'!$H$7:$AC$7=3)*'週間出来高'!$H$64:$AC$64) | J38: =SUM(E38:I38) | K38: =IF(AND(ABS(J38-1)<0.0001,ABS(J40-D38)<1),"OK","NG")
C39: 累計出来高率 | E39: =E38 | F39: =E39+F38 | G39: =F39+G38 | H39: =G39+H38 | I39: =H39+I38 | J39: =I39
C40: 月出来高金額 | E40: =SUMPRODUCT(('週間出来高'!$H$7:$AC$7=11)*'週間出来高'!$H$66:$AC$66) | F40: =SUMPRODUCT(('週間出来高'!$H$7:$AC$7=12)*'週間出来高'!$H$66:$AC$66) | G40: =SUMPRODUCT(('週間出来高'!$H$7:$AC$7=1)*'週間出来高'!$H$66:$AC$66) | H40: =SUMPRODUCT(('週間出来高'!$H$7:$AC$7=2)*'週間出来高'!$H$66:$AC$66) | I40: =SUMPRODUCT(('週間出来高'!$H$7:$AC$7=3)*'週間出来高'!$H$66:$AC$66) | J40: =SUM(E40:I40)
A41: 4 | B41: タイル工事 | C41: 月出来高率 | D41: ='週間出来高'!D68 | E41: =SUMPRODUCT(('週間出来高'!$H$7:$AC$7=11)*'週間出来高'!$H$69:$AC$69) | F41: =SUMPRODUCT(('週間出来高'!$H$7:$AC$7=12)*'週間出来高'!$H$69:$AC$69) | G41: =SUMPRODUCT(('週間出来高'!$H$7:$AC$7=1)*'週間出来高'!$H$69:$AC$69) | H41: =SUMPRODUCT(('週間出来高'!$H$7:$AC$7=2)*'週間出来高'!$H$69:$AC$69) | I41: =SUMPRODUCT(('週間出来高'!$H$7:$AC$7=3)*'週間出来高'!$H$69:$AC$69) | J41: =SUM(E41:I41) | K41: =IF(AND(ABS(J41-1)<0.0001,ABS(J43-D41)<1),"OK","NG")
C42: 累計出来高率 | E42: =E41 | F42: =E42+F41 | G42: =F42+G41 | H42: =G42+H41 | I42: =H42+I41 | J42: =I42
C43: 月出来高金額 | E43: =SUMPRODUCT(('週間出来高'!$H$7:$AC$7=11)*'週間出来高'!$H$71:$AC$71) | F43: =SUMPRODUCT(('週間出来高'!$H$7:$AC$7=12)*'週間出来高'!$H$71:$AC$71) | G43: =SUMPRODUCT(('週間出来高'!$H$7:$AC$7=1)*'週間出来高'!$H$71:$AC$71) | H43: =SUMPRODUCT(('週間出来高'!$H$7:$AC$7=2)*'週間出来高'!$H$71:$AC$71) | I43: =SUMPRODUCT(('週間出来高'!$H$7:$AC$7=3)*'週間出来高'!$H$71:$AC$71) | J43: =SUM(E43:I43)
A44: 5 | B44: 金属工事 | C44: 月出来高率 | D44: ='週間出来高'!D73 | E44: =SUMPRODUCT(('週間出来高'!$H$7:$AC$7=11)*'週間出来高'!$H$74:$AC$74) | F44: =SUMPRODUCT(('週間出来高'!$H$7:$AC$7=12)*'週間出来高'!$H$74:$AC$74) | G44: =SUMPRODUCT(('週間出来高'!$H$7:$AC$7=1)*'週間出来高'!$H$74:$AC$74) | H44: =SUMPRODUCT(('週間出来高'!$H$7:$AC$7=2)*'週間出来高'!$H$74:$AC$74) | I44: =SUMPRODUCT(('週間出来高'!$H$7:$AC$7=3)*'週間出来高'!$H$74:$AC$74) | J44: =SUM(E44:I44) | K44: =IF(AND(ABS(J44-1)<0.0001,ABS(J46-D44)<1),"OK","NG")
C45: 累計出来高率 | E45: =E44 | F45: =E45+F44 | G45: =F45+G44 | H45: =G45+H44 | I45: =H45+I44 | J45: =I45
C46: 月出来高金額 | E46: =SUMPRODUCT(('週間出来高'!$H$7:$AC$7=11)*'週間出来高'!$H$76:$AC$76) | F46: =SUMPRODUCT(('週間出来高'!$H$7:$AC$7=12)*'週間出来高'!$H$76:$AC$76) | G46: =SUMPRODUCT(('週間出来高'!$H$7:$AC$7=1)*'週間出来高'!$H$76:$AC$76) | H46: =SUMPRODUCT(('週間出来高'!$H$7:$AC$7=2)*'週間出来高'!$H$76:$AC$76) | I46: =SUMPRODUCT(('週間出来高'!$H$7:$AC$7=3)*'週間出来高'!$H$76:$AC$76) | J46: =SUM(E46:I46)
A47: 6 | B47: 金属製建具工事 | C47: 月出来高率 | D47: ='週間出来高'!D78 | E47: =SUMPRODUCT(('週間出来高'!$H$7:$AC$7=11)*'週間出来高'!$H$79:$AC$79) | F47: =SUMPRODUCT(('週間出来高'!$H$7:$AC$7=12)*'週間出来高'!$H$79:$AC$79) | G47: =SUMPRODUCT(('週間出来高'!$H$7:$AC$7=1)*'週間出来高'!$H$79:$AC$79) | H47: =SUMPRODUCT(('週間出来高'!$H$7:$AC$7=2)*'週間出来高'!$H$79:$AC$79) | I47: =SUMPRODUCT(('週間出来高'!$H$7:$AC$7=3)*'週間出来高'!$H$79:$AC$79) | J47: =SUM(E47:I47) | K47: =IF(AND(ABS(J47-1)<0.0001,ABS(J49-D47)<1),"OK","NG")
C48: 累計出来高率 | E48: =E47 | F48: =E48+F47 | G48: =F48+G47 | H48: =G48+H47 | I48: =H48+I47 | J48: =I48
C49: 月出来高金額 | E49: =SUMPRODUCT(('週間出来高'!$H$7:$AC$7=11)*'週間出来高'!$H$81:$AC$81) | F49: =SUMPRODUCT(('週間出来高'!$H$7:$AC$7=12)*'週間出来高'!$H$81:$AC$81) | G49: =SUMPRODUCT(('週間出来高'!$H$7:$AC$7=1)*'週間出来高'!$H$81:$AC$81) | H49: =SUMPRODUCT(('週間出来高'!$H$7:$AC$7=2)*'週間出来高'!$H$81:$AC$81) | I49: =SUMPRODUCT(('週間出来高'!$H$7:$AC$7=3)*'週間出来高'!$H$81:$AC$81) | J49: =SUM(E49:I49)
A50: 7 | B50: ガラス工事 | C50: 月出来高率 | D50: ='週間出来高'!D83 | E50: =SUMPRODUCT(('週間出来高'!$H$7:$AC$7=11)*'週間出来高'!$H$84:$AC$84) | F50: =SUMPRODUCT(('週間出来高'!$H$7:$AC$7=12)*'週間出来高'!$H$84:$AC$84) | G50: =SUMPRODUCT(('週間出来高'!$H$7:$AC$7=1)*'週間出来高'!$H$84:$AC$84) | H50: =SUMPRODUCT(('週間出来高'!$H$7:$AC$7=2)*'週間出来高'!$H$84:$AC$84) | I50: =SUMPRODUCT(('週間出来高'!$H$7:$AC$7=3)*'週間出来高'!$H$84:$AC$84) | J50: =SUM(E50:I50) | K50: =IF(AND(ABS(J50-1)<0.0001,ABS(J52-D50)<1),"OK","NG")
C51: 累計出来高率 | E51: =E50 | F51: =E51+F50 | G51: =F51+G50 | H51: =G51+H50 | I51: =H51+I50 | J51: =I51
C52: 月出来高金額 | E52: =SUMPRODUCT(('週間出来高'!$H$7:$AC$7=11)*'週間出来高'!$H$86:$AC$86) | F52: =SUMPRODUCT(('週間出来高'!$H$7:$AC$7=12)*'週間出来高'!$H$86:$AC$86) | G52: =SUMPRODUCT(('週間出来高'!$H$7:$AC$7=1)*'週間出来高'!$H$86:$AC$86) | H52: =SUMPRODUCT(('週間出来高'!$H$7:$AC$7=2)*'週間出来高'!$H$86:$AC$86) | I52: =SUMPRODUCT(('週間出来高'!$H$7:$AC$7=3)*'週間出来高'!$H$86:$AC$86) | J52: =SUM(E52:I52)
A53: 8 | B53: 木工事 | C53: 月出来高率 | D53: ='週間出来高'!D88 | E53: =SUMPRODUCT(('週間出来高'!$H$7:$AC$7=11)*'週間出来高'!$H$89:$AC$89) | F53: =SUMPRODUCT(('週間出来高'!$H$7:$AC$7=12)*'週間出来高'!$H$89:$AC$89) | G53: =SUMPRODUCT(('週間出来高'!$H$7:$AC$7=1)*'週間出来高'!$H$89:$AC$89) | H53: =SUMPRODUCT(('週間出来高'!$H$7:$AC$7=2)*'週間出来高'!$H$89:$AC$89) | I53: =SUMPRODUCT(('週間出来高'!$H$7:$AC$7=3)*'週間出来高'!$H$89:$AC$89) | J53: =SUM(E53:I53) | K53: =IF(AND(ABS(J53-1)<0.0001,ABS(J55-D53)<1),"OK","NG")
C54: 累計出来高率 | E54: =E53 | F54: =E54+F53 | G54: =F54+G53 | H54: =G54+H53 | I54: =H54+I53 | J54: =I54
C55: 月出来高金額 | E55: =SUMPRODUCT(('週間出来高'!$H$7:$AC$7=11)*'週間出来高'!$H$91:$AC$91) | F55: =SUMPRODUCT(('週間出来高'!$H$7:$AC$7=12)*'週間出来高'!$H$91:$AC$91) | G55: =SUMPRODUCT(('週間出来高'!$H$7:$AC$7=1)*'週間出来高'!$H$91:$AC$91) | H55: =SUMPRODUCT(('週間出来高'!$H$7:$AC$7=2)*'週間出来高'!$H$91:$AC$91) | I55: =SUMPRODUCT(('週間出来高'!$H$7:$AC$7=3)*'週間出来高'!$H$91:$AC$91) | J55: =SUM(E55:I55)
A56: 9 | B56: 左官工事 | C56: 月出来高率 | D56: ='週間出来高'!D93 | E56: =SUMPRODUCT(('週間出来高'!$H$7:$AC$7=11)*'週間出来高'!$H$94:$AC$94) | F56: =SUMPRODUCT(('週間出来高'!$H$7:$AC$7=12)*'週間出来高'!$H$94:$AC$94) | G56: =SUMPRODUCT(('週間出来高'!$H$7:$AC$7=1)*'週間出来高'!$H$94:$AC$94) | H56: =SUMPRODUCT(('週間出来高'!$H$7:$AC$7=2)*'週間出来高'!$H$94:$AC$94) | I56: =SUMPRODUCT(('週間出来高'!$H$7:$AC$7=3)*'週間出来高'!$H$94:$AC$94) | J56: =SUM(E56:I56) | K56: =IF(AND(ABS(J56-1)<0.0001,ABS(J58-D56)<1),"OK","NG")
C57: 累計出来高率 | E57: =E56 | F57: =E57+F56 | G57: =F57+G56 | H57: =G57+H56 | I57: =H57+I56 | J57: =I57
C58: 月出来高金額 | E58: =SUMPRODUCT(('週間出来高'!$H$7:$AC$7=11)*'週間出来高'!$H$96:$AC$96) | F58: =SUMPRODUCT(('週間出来高'!$H$7:$AC$7=12)*'週間出来高'!$H$96:$AC$96) | G58: =SUMPRODUCT(('週間出来高'!$H$7:$AC$7=1)*'週間出来高'!$H$96:$AC$96) | H58: =SUMPRODUCT(('週間出来高'!$H$7:$AC$7=2)*'週間出来高'!$H$96:$AC$96) | I58: =SUMPRODUCT(('週間出来高'!$H$7:$AC$7=3)*'週間出来高'!$H$96:$AC$96) | J58: =SUM(E58:I58)
A59: 10 | B59: 塗装工事 | C59: 月出来高率 | D59: ='週間出来高'!D98 | E59: =SUMPRODUCT(('週間出来高'!$H$7:$AC$7=11)*'週間出来高'!$H$99:$AC$99) | F59: =SUMPRODUCT(('週間出来高'!$H$7:$AC$7=12)*'週間出来高'!$H$99:$AC$99) | G59: =SUMPRODUCT(('週間出来高'!$H$7:$AC$7=1)*'週間出来高'!$H$99:$AC$99) | H59: =SUMPRODUCT(('週間出来高'!$H$7:$AC$7=2)*'週間出来高'!$H$99:$AC$99) | I59: =SUMPRODUCT(('週間出来高'!$H$7:$AC$7=3)*'週間出来高'!$H$99:$AC$99) | J59: =SUM(E59:I59) | K59: =IF(AND(ABS(J59-1)<0.0001,ABS(J61-D59)<1),"OK","NG")
C60: 累計出来高率 | E60: =E59 | F60: =E60+F59 | G60: =F60+G59 | H60: =G60+H59 | I60: =H60+I59 | J60: =I60
C61: 月出来高金額 | E61: =SUMPRODUCT(('週間出来高'!$H$7:$AC$7=11)*'週間出来高'!$H$101:$AC$101) | F61: =SUMPRODUCT(('週間出来高'!$H$7:$AC$7=12)*'週間出来高'!$H$101:$AC$101) | G61: =SUMPRODUCT(('週間出来高'!$H$7:$AC$7=1)*'週間出来高'!$H$101:$AC$101) | H61: =SUMPRODUCT(('週間出来高'!$H$7:$AC$7=2)*'週間出来高'!$H$101:$AC$101) | I61: =SUMPRODUCT(('週間出来高'!$H$7:$AC$7=3)*'週間出来高'!$H$101:$AC$101) | J61: =SUM(E61:I61)
A62: 11 | B62: 内装工事 | C62: 月出来高率 | D62: ='週間出来高'!D103 | E62: =SUMPRODUCT(('週間出来高'!$H$7:$AC$7=11)*'週間出来高'!$H$104:$AC$104) | F62: =SUMPRODUCT(('週間出来高'!$H$7:$AC$7=12)*'週間出来高'!$H$104:$AC$104) | G62: =SUMPRODUCT(('週間出来高'!$H$7:$AC$7=1)*'週間出来高'!$H$104:$AC$104) | H62: =SUMPRODUCT(('週間出来高'!$H$7:$AC$7=2)*'週間出来高'!$H$104:$AC$104) | I62: =SUMPRODUCT(('週間出来高'!$H$7:$AC$7=3)*'週間出来高'!$H$104:$AC$104) | J62: =SUM(E62:I62) | K62: =IF(AND(ABS(J62-1)<0.0001,ABS(J64-D62)<1),"OK","NG")
C63: 累計出来高率 | E63: =E62 | F63: =E63+F62 | G63: =F63+G62 | H63: =G63+H62 | I63: =H63+I62 | J63: =I63
C64: 月出来高金額 | E64: =SUMPRODUCT(('週間出来高'!$H$7:$AC$7=11)*'週間出来高'!$H$106:$AC$106) | F64: =SUMPRODUCT(('週間出来高'!$H$7:$AC$7=12)*'週間出来高'!$H$106:$AC$106) | G64: =SUMPRODUCT(('週間出来高'!$H$7:$AC$7=1)*'週間出来高'!$H$106:$AC$106) | H64: =SUMPRODUCT(('週間出来高'!$H$7:$AC$7=2)*'週間出来高'!$H$106:$AC$106) | I64: =SUMPRODUCT(('週間出来高'!$H$7:$AC$7=3)*'週間出来高'!$H$106:$AC$106) | J64: =SUM(E64:I64)
A65: 12 | B65: 雑工事 | C65: 月出来高率 | D65: ='週間出来高'!D108 | E65: =SUMPRODUCT(('週間出来高'!$H$7:$AC$7=11)*'週間出来高'!$H$109:$AC$109) | F65: =SUMPRODUCT(('週間出来高'!$H$7:$AC$7=12)*'週間出来高'!$H$109:$AC$109) | G65: =SUMPRODUCT(('週間出来高'!$H$7:$AC$7=1)*'週間出来高'!$H$109:$AC$109) | H65: =SUMPRODUCT(('週間出来高'!$H$7:$AC$7=2)*'週間出来高'!$H$109:$AC$109) | I65: =SUMPRODUCT(('週間出来高'!$H$7:$AC$7=3)*'週間出来高'!$H$109:$AC$109) | J65: =SUM(E65:I65) | K65: =IF(AND(ABS(J65-1)<0.0001,ABS(J67-D65)<1),"OK","NG")
C66: 累計出来高率 | E66: =E65 | F66: =E66+F65 | G66: =F66+G65 | H66: =G66+H65 | I66: =H66+I65 | J66: =I66
C67: 月出来高金額 | E67: =SUMPRODUCT(('週間出来高'!$H$7:$AC$7=11)*'週間出来高'!$H$111:$AC$111) | F67: =SUMPRODUCT(('週間出来高'!$H$7:$AC$7=12)*'週間出来高'!$H$111:$AC$111) | G67: =SUMPRODUCT(('週間出来高'!$H$7:$AC$7=1)*'週間出来高'!$H$111:$AC$111) | H67: =SUMPRODUCT(('週間出来高'!$H$7:$AC$7=2)*'週間出来高'!$H$111:$AC$111) | I67: =SUMPRODUCT(('週間出来高'!$H$7:$AC$7=3)*'週間出来高'!$H$111:$AC$111) | J67: =SUM(E67:I67)
A68: c)-2 | B68: 電気設備工事 | C68: 月出来高率 | D68: ='週間出来高'!D113 | E68: =SUMPRODUCT(('週間出来高'!$H$7:$AC$7=11)*'週間出来高'!$H$114:$AC$114) | F68: =SUMPRODUCT(('週間出来高'!$H$7:$AC$7=12)*'週間出来高'!$H$114:$AC$114) | G68: =SUMPRODUCT(('週間出来高'!$H$7:$AC$7=1)*'週間出来高'!$H$114:$AC$114) | H68: =SUMPRODUCT(('週間出来高'!$H$7:$AC$7=2)*'週間出来高'!$H$114:$AC$114) | I68: =SUMPRODUCT(('週間出来高'!$H$7:$AC$7=3)*'週間出来高'!$H$114:$AC$114) | J68: =SUM(E68:I68) | K68: =IF(AND(ABS(J68-1)<0.0001,ABS(J70-D68)<1),"OK","NG")
C69: 累計出来高率 | E69: =E68 | F69: =E69+F68 | G69: =F69+G68 | H69: =G69+H68 | I69: =H69+I68 | J69: =I69
C70: 月出来高金額 | E70: =SUMPRODUCT(('週間出来高'!$H$7:$AC$7=11)*'週間出来高'!$H$116:$AC$116) | F70: =SUMPRODUCT(('週間出来高'!$H$7:$AC$7=12)*'週間出来高'!$H$116:$AC$116) | G70: =SUMPRODUCT(('週間出来高'!$H$7:$AC$7=1)*'週間出来高'!$H$116:$AC$116) | H70: =SUMPRODUCT(('週間出来高'!$H$7:$AC$7=2)*'週間出来高'!$H$116:$AC$116) | I70: =SUMPRODUCT(('週間出来高'!$H$7:$AC$7=3)*'週間出来高'!$H$116:$AC$116) | J70: =SUM(E70:I70)
A71: c)-3 | B71: 空気調和設備工事 | C71: 月出来高率 | D71: ='週間出来高'!D118 | E71: =SUMPRODUCT(('週間出来高'!$H$7:$AC$7=11)*'週間出来高'!$H$119:$AC$119) | F71: =SUMPRODUCT(('週間出来高'!$H$7:$AC$7=12)*'週間出来高'!$H$119:$AC$119) | G71: =SUMPRODUCT(('週間出来高'!$H$7:$AC$7=1)*'週間出来高'!$H$119:$AC$119) | H71: =SUMPRODUCT(('週間出来高'!$H$7:$AC$7=2)*'週間出来高'!$H$119:$AC$119) | I71: =SUMPRODUCT(('週間出来高'!$H$7:$AC$7=3)*'週間出来高'!$H$119:$AC$119) | J71: =SUM(E71:I71) | K71: =IF(AND(ABS(J71-1)<0.0001,ABS(J73-D71)<1),"OK","NG")
C72: 累計出来高率 | E72: =E71 | F72: =E72+F71 | G72: =F72+G71 | H72: =G72+H71 | I72: =H72+I71 | J72: =I72
C73: 月出来高金額 | E73: =SUMPRODUCT(('週間出来高'!$H$7:$AC$7=11)*'週間出来高'!$H$121:$AC$121) | F73: =SUMPRODUCT(('週間出来高'!$H$7:$AC$7=12)*'週間出来高'!$H$121:$AC$121) | G73: =SUMPRODUCT(('週間出来高'!$H$7:$AC$7=1)*'週間出来高'!$H$121:$AC$121) | H73: =SUMPRODUCT(('週間出来高'!$H$7:$AC$7=2)*'週間出来高'!$H$121:$AC$121) | I73: =SUMPRODUCT(('週間出来高'!$H$7:$AC$7=3)*'週間出来高'!$H$121:$AC$121) | J73: =SUM(E73:I73)
A74: c)-4 | B74: 衛生設備工事 | C74: 月出来高率 | D74: ='週間出来高'!D123 | E74: =SUMPRODUCT(('週間出来高'!$H$7:$AC$7=11)*'週間出来高'!$H$124:$AC$124) | F74: =SUMPRODUCT(('週間出来高'!$H$7:$AC$7=12)*'週間出来高'!$H$124:$AC$124) | G74: =SUMPRODUCT(('週間出来高'!$H$7:$AC$7=1)*'週間出来高'!$H$124:$AC$124) | H74: =SUMPRODUCT(('週間出来高'!$H$7:$AC$7=2)*'週間出来高'!$H$124:$AC$124) | I74: =SUMPRODUCT(('週間出来高'!$H$7:$AC$7=3)*'週間出来高'!$H$124:$AC$124) | J74: =SUM(E74:I74) | K74: =IF(AND(ABS(J74-1)<0.0001,ABS(J76-D74)<1),"OK","NG")
C75: 累計出来高率 | E75: =E74 | F75: =E75+F74 | G75: =F75+G74 | H75: =G75+H74 | I75: =H75+I74 | J75: =I75
C76: 月出来高金額 | E76: =SUMPRODUCT(('週間出来高'!$H$7:$AC$7=11)*'週間出来高'!$H$126:$AC$126) | F76: =SUMPRODUCT(('週間出来高'!$H$7:$AC$7=12)*'週間出来高'!$H$126:$AC$126) | G76: =SUMPRODUCT(('週間出来高'!$H$7:$AC$7=1)*'週間出来高'!$H$126:$AC$126) | H76: =SUMPRODUCT(('週間出来高'!$H$7:$AC$7=2)*'週間出来高'!$H$126:$AC$126) | I76: =SUMPRODUCT(('週間出来高'!$H$7:$AC$7=3)*'週間出来高'!$H$126:$AC$126) | J76: =SUM(E76:I76)
A77: d) | B77: 諸経費 | C77: 月出来高率 | D77: ='週間出来高'!D128 | E77: =SUMPRODUCT(('週間出来高'!$H$7:$AC$7=11)*'週間出来高'!$H$129:$AC$129) | F77: =SUMPRODUCT(('週間出来高'!$H$7:$AC$7=12)*'週間出来高'!$H$129:$AC$129) | G77: =SUMPRODUCT(('週間出来高'!$H$7:$AC$7=1)*'週間出来高'!$H$129:$AC$129) | H77: =SUMPRODUCT(('週間出来高'!$H$7:$AC$7=2)*'週間出来高'!$H$129:$AC$129) | I77: =SUMPRODUCT(('週間出来高'!$H$7:$AC$7=3)*'週間出来高'!$H$129:$AC$129) | J77: =SUM(E77:I77) | K77: =IF(AND(ABS(J77-1)<0.0001,ABS(J79-D77)<1),"OK","NG")
C78: 累計出来高率 | E78: =E77 | F78: =E78+F77 | G78: =F78+G77 | H78: =G78+H77 | I78: =H78+I77 | J78: =I78
C79: 月出来高金額 | E79: =SUMPRODUCT(('週間出来高'!$H$7:$AC$7=11)*'週間出来高'!$H$131:$AC$131) | F79: =SUMPRODUCT(('週間出来高'!$H$7:$AC$7=12)*'週間出来高'!$H$131:$AC$131) | G79: =SUMPRODUCT(('週間出来高'!$H$7:$AC$7=1)*'週間出来高'!$H$131:$AC$131) | H79: =SUMPRODUCT(('週間出来高'!$H$7:$AC$7=2)*'週間出来高'!$H$131:$AC$131) | I79: =SUMPRODUCT(('週間出来高'!$H$7:$AC$7=3)*'週間出来高'!$H$131:$AC$131) | J79: =SUM(E79:I79)

Sheet 出来高曲線
A1: 予想工事進捗グラフ（予想出来高曲線・Sカーブ）
A2: 予想値（実績ではありません）。縦軸：出来高率（棒＝各期の出来高率、線＝累計出来高率＝Sカーブ）／横軸：週・月。工事費合計行を参照（金額加重）。
A4: 期間 | B4: 出来高金額（円） | C4: 累計出来高金額（円） | D4: 出来高率 | E4: 累計出来高率
A5: 着工前 | B5: 0 | C5: 0 | D5: 0 | E5: 0
A6: 11月1週 | B6: ='週間出来高'!H11 | C6: ='週間出来高'!H12 | D6: ='週間出来高'!H9 | E6: ='週間出来高'!H10
A7: 11月2週 | B7: ='週間出来高'!I11 | C7: ='週間出来高'!I12 | D7: ='週間出来高'!I9 | E7: ='週間出来高'!I10
A8: 11月3週 | B8: ='週間出来高'!J11 | C8: ='週間出来高'!J12 | D8: ='週間出来高'!J9 | E8: ='週間出来高'!J10
A9: 11月4週 | B9: ='週間出来高'!K11 | C9: ='週間出来高'!K12 | D9: ='週間出来高'!K9 | E9: ='週間出来高'!K10
A10: 11月5週 | B10: ='週間出来高'!L11 | C10: ='週間出来高'!L12 | D10: ='週間出来高'!L9 | E10: ='週間出来高'!L10
A11: 12月1週 | B11: ='週間出来高'!M11 | C11: ='週間出来高'!M12 | D11: ='週間出来高'!M9 | E11: ='週間出来高'!M10
A12: 12月2週 | B12: ='週間出来高'!N11 | C12: ='週間出来高'!N12 | D12: ='週間出来高'!N9 | E12: ='週間出来高'!N10
A13: 12月3週 | B13: ='週間出来高'!O11 | C13: ='週間出来高'!O12 | D13: ='週間出来高'!O9 | E13: ='週間出来高'!O10
A14: 12月4週 | B14: ='週間出来高'!P11 | C14: ='週間出来高'!P12 | D14: ='週間出来高'!P9 | E14: ='週間出来高'!P10
A15: 1月1週 | B15: ='週間出来高'!Q11 | C15: ='週間出来高'!Q12 | D15: ='週間出来高'!Q9 | E15: ='週間出来高'!Q10
A16: 1月2週 | B16: ='週間出来高'!R11 | C16: ='週間出来高'!R12 | D16: ='週間出来高'!R9 | E16: ='週間出来高'!R10
A17: 1月3週 | B17: ='週間出来高'!S11 | C17: ='週間出来高'!S12 | D17: ='週間出来高'!S9 | E17: ='週間出来高'!S10
A18: 1月4週 | B18: ='週間出来高'!T11 | C18: ='週間出来高'!T12 | D18: ='週間出来高'!T9 | E18: ='週間出来高'!T10
A19: 2月1週 | B19: ='週間出来高'!U11 | C19: ='週間出来高'!U12 | D19: ='週間出来高'!U9 | E19: ='週間出来高'!U10
A20: 2月2週 | B20: ='週間出来高'!V11 | C20: ='週間出来高'!V12 | D20: ='週間出来高'!V9 | E20: ='週間出来高'!V10
A21: 2月3週 | B21: ='週間出来高'!W11 | C21: ='週間出来高'!W12 | D21: ='週間出来高'!W9 | E21: ='週間出来高'!W10
A22: 2月4週 | B22: ='週間出来高'!X11 | C22: ='週間出来高'!X12 | D22: ='週間出来高'!X9 | E22: ='週間出来高'!X10
A23: 3月1週 | B23: ='週間出来高'!Y11 | C23: ='週間出来高'!Y12 | D23: ='週間出来高'!Y9 | E23: ='週間出来高'!Y10
A24: 3月2週 | B24: ='週間出来高'!Z11 | C24: ='週間出来高'!Z12 | D24: ='週間出来高'!Z9 | E24: ='週間出来高'!Z10
A25: 3月3週 | B25: ='週間出来高'!AA11 | C25: ='週間出来高'!AA12 | D25: ='週間出来高'!AA9 | E25: ='週間出来高'!AA10
A26: 3月4週 | B26: ='週間出来高'!AB11 | C26: ='週間出来高'!AB12 | D26: ='週間出来高'!AB9 | E26: ='週間出来高'!AB10
A27: 3月5週 | B27: ='週間出来高'!AC11 | C27: ='週間出来高'!AC12 | D27: ='週間出来高'!AC9 | E27: ='週間出来高'!AC10
A30: 期間 | B30: 出来高金額（円） | C30: 累計出来高金額（円） | D30: 出来高率 | E30: 累計出来高率
A31: 着工前 | B31: 0 | C31: 0 | D31: 0 | E31: 0
A32: 11月 | B32: ='月別出来高'!E7 | C32: =B32 | D32: ='月別出来高'!E5 | E32: ='月別出来高'!E6
A33: 12月 | B33: ='月別出来高'!F7 | C33: =C32+B33 | D33: ='月別出来高'!F5 | E33: ='月別出来高'!F6
A34: 1月 | B34: ='月別出来高'!G7 | C34: =C33+B34 | D34: ='月別出来高'!G5 | E34: ='月別出来高'!G6
A35: 2月 | B35: ='月別出来高'!H7 | C35: =C34+B35 | D35: ='月別出来高'!H5 | E35: ='月別出来高'!H6
A36: 3月 | B36: ='月別出来高'!I7 | C36: =C35+B36 | D36: ='月別出来高'!I5 | E36: ='月別出来高'!I6
